/*!40101 SET @OLD_CHARACTER_SET_CLIENT=@@CHARACTER_SET_CLIENT */;
/*!40101 SET @OLD_CHARACTER_SET_RESULTS=@@CHARACTER_SET_RESULTS */;
/*!40101 SET @OLD_COLLATION_CONNECTION=@@COLLATION_CONNECTION */;
/*!40101 SET NAMES utf8mb4 */;
/*!40014 SET @OLD_UNIQUE_CHECKS=@@UNIQUE_CHECKS, UNIQUE_CHECKS=0 */;
/*!40014 SET @OLD_FOREIGN_KEY_CHECKS=@@FOREIGN_KEY_CHECKS, FOREIGN_KEY_CHECKS=0 */;
/*!40101 SET @OLD_SQL_MODE=@@SQL_MODE, SQL_MODE='NO_AUTO_VALUE_ON_ZERO' */;
/*!40111 SET @OLD_SQL_NOTES=@@SQL_NOTES, SQL_NOTES=0 */;

CREATE TABLE `__EFMigrationsHistory` (
  `MigrationId` varchar(150) NOT NULL,
  `ProductVersion` varchar(32) NOT NULL,
  PRIMARY KEY (`MigrationId`)
) ENGINE=InnoDB DEFAULT CHARSET=utf8mb4 COLLATE=utf8mb4_uca1400_ai_ci;

CREATE TABLE `LogMetadataEntries` (
  `Id` int(11) NOT NULL AUTO_INCREMENT,
  `LogId` int(11) NOT NULL,
  `Key` varchar(255) NOT NULL,
  `Value` longtext NOT NULL,
  PRIMARY KEY (`Id`),
  UNIQUE KEY `IX_LogMetadataEntries_LogId_Key` (`LogId`,`Key`),
  CONSTRAINT `FK_LogMetadataEntries_Logs_LogId` FOREIGN KEY (`LogId`) REFERENCES `Logs` (`Id`) ON DELETE CASCADE
) ENGINE=InnoDB AUTO_INCREMENT=75 DEFAULT CHARSET=utf8mb4 COLLATE=utf8mb4_uca1400_ai_ci;

CREATE TABLE `Logs` (
  `Id` int(11) NOT NULL AUTO_INCREMENT,
  `Message` longtext NOT NULL,
  `Level` longtext NOT NULL,
  `CreatedAt` datetime(6) NOT NULL DEFAULT '0001-01-01 00:00:00.000000',
  PRIMARY KEY (`Id`)
) ENGINE=InnoDB AUTO_INCREMENT=29 DEFAULT CHARSET=utf8mb4 COLLATE=utf8mb4_uca1400_ai_ci;

CREATE TABLE `Permissions` (
  `Id` int(11) NOT NULL AUTO_INCREMENT,
  `Key` varchar(255) NOT NULL,
  `FriendlyName` longtext NOT NULL,
  `Description` longtext DEFAULT NULL,
  PRIMARY KEY (`Id`),
  UNIQUE KEY `IX_Permissions_Key` (`Key`)
) ENGINE=InnoDB AUTO_INCREMENT=10 DEFAULT CHARSET=utf8mb4 COLLATE=utf8mb4_uca1400_ai_ci;

CREATE TABLE `RefreshTokens` (
  `Id` int(11) NOT NULL AUTO_INCREMENT,
  `UserId` int(11) NOT NULL,
  `Token` longtext NOT NULL,
  `IsExpired` tinyint(1) NOT NULL,
  `CreatedAt` datetime(6) NOT NULL,
  `ExpiresAt` datetime(6) NOT NULL,
  PRIMARY KEY (`Id`),
  KEY `IX_RefreshTokens_UserId` (`UserId`),
  CONSTRAINT `FK_RefreshTokens_Users_UserId` FOREIGN KEY (`UserId`) REFERENCES `Users` (`Id`) ON DELETE CASCADE
) ENGINE=InnoDB AUTO_INCREMENT=777 DEFAULT CHARSET=utf8mb4 COLLATE=utf8mb4_uca1400_ai_ci;

CREATE TABLE `RolePermissions` (
  `Id` int(11) NOT NULL AUTO_INCREMENT,
  `RoleId` int(11) NOT NULL,
  `PermissionId` int(11) NOT NULL,
  PRIMARY KEY (`Id`),
  KEY `IX_RolePermissions_PermissionId` (`PermissionId`),
  KEY `IX_RolePermissions_RoleId` (`RoleId`),
  CONSTRAINT `FK_RolePermissions_Permissions_PermissionId` FOREIGN KEY (`PermissionId`) REFERENCES `Permissions` (`Id`) ON DELETE CASCADE,
  CONSTRAINT `FK_RolePermissions_Roles_RoleId` FOREIGN KEY (`RoleId`) REFERENCES `Roles` (`Id`) ON DELETE CASCADE
) ENGINE=InnoDB AUTO_INCREMENT=14 DEFAULT CHARSET=utf8mb4 COLLATE=utf8mb4_uca1400_ai_ci;

CREATE TABLE `Roles` (
  `Id` int(11) NOT NULL AUTO_INCREMENT,
  `Key` varchar(255) NOT NULL,
  `FriendlyName` longtext DEFAULT NULL,
  `CreatedAt` datetime(6) NOT NULL,
  `CanBeEdited` tinyint(1) NOT NULL DEFAULT 0,
  `OrderLevel` int(11) NOT NULL DEFAULT 0,
  `CanBeDeleted` tinyint(1) NOT NULL DEFAULT 0,
  PRIMARY KEY (`Id`),
  UNIQUE KEY `IX_Roles_Key` (`Key`)
) ENGINE=InnoDB AUTO_INCREMENT=3 DEFAULT CHARSET=utf8mb4 COLLATE=utf8mb4_uca1400_ai_ci;

CREATE TABLE `UITableColumns` (
  `Id` int(11) NOT NULL AUTO_INCREMENT,
  `TableKey` longtext NOT NULL,
  `FriendlyName` longtext NOT NULL,
  `ValuePath` longtext NOT NULL,
  PRIMARY KEY (`Id`)
) ENGINE=InnoDB AUTO_INCREMENT=6 DEFAULT CHARSET=utf8mb4 COLLATE=utf8mb4_uca1400_ai_ci;

CREATE TABLE `Users` (
  `Id` int(11) NOT NULL AUTO_INCREMENT,
  `Username` varchar(255) NOT NULL,
  `Password` longtext DEFAULT NULL,
  `Email` longtext DEFAULT NULL,
  `CreatedAt` datetime(6) NOT NULL,
  `LastUpdatedAt` datetime(6) NOT NULL,
  `RoleId` int(11) NOT NULL DEFAULT 2,
  `IsDisabled` tinyint(1) NOT NULL DEFAULT 0,
  PRIMARY KEY (`Id`),
  UNIQUE KEY `IX_Users_Username` (`Username`),
  KEY `IX_Users_RoleId` (`RoleId`),
  CONSTRAINT `FK_Users_Roles_RoleId` FOREIGN KEY (`RoleId`) REFERENCES `Roles` (`Id`) ON DELETE CASCADE
) ENGINE=InnoDB AUTO_INCREMENT=2 DEFAULT CHARSET=utf8mb4 COLLATE=utf8mb4_uca1400_ai_ci;

INSERT INTO `__EFMigrationsHistory` (`MigrationId`, `ProductVersion`) VALUES
('20250101202825_Init', '8.0.2');
INSERT INTO `__EFMigrationsHistory` (`MigrationId`, `ProductVersion`) VALUES
('20250102022035_RefreshTokens', '8.0.2');
INSERT INTO `__EFMigrationsHistory` (`MigrationId`, `ProductVersion`) VALUES
('20250102170628_rolemodel', '8.0.2');
INSERT INTO `__EFMigrationsHistory` (`MigrationId`, `ProductVersion`) VALUES
('20250102172851_roleupdate', '8.0.2'),
('20250102190236_permissions', '8.0.2'),
('20250102190428_update-role', '8.0.2'),
('20250102214016_seedingdata', '8.0.2'),
('20250105001822_orderlevel', '8.0.2'),
('20250105223411_smallthings', '8.0.2'),
('20250108014814_UniqueUsernameIndex_IsDisabledUser', '8.0.2'),
('20250108020623_DefaultValue', '8.0.2'),
('20250108023309_UserIsDisbaledDefault', '8.0.2'),
('20250109181606_AddedLog_LogMetadata', '8.0.2'),
('20250109214548_CreatedAtForLogs', '8.0.2'),
('20250305030545_ui_table_columns', '8.0.2');

INSERT INTO `LogMetadataEntries` (`Id`, `LogId`, `Key`, `Value`) VALUES
(1, 1, 'source', '2');
INSERT INTO `LogMetadataEntries` (`Id`, `LogId`, `Key`, `Value`) VALUES
(2, 2, 'additionalProp1', '{\"key\":\"value\"}');
INSERT INTO `LogMetadataEntries` (`Id`, `LogId`, `Key`, `Value`) VALUES
(3, 5, 'resource', '\"nyx-core\"');
INSERT INTO `LogMetadataEntries` (`Id`, `LogId`, `Key`, `Value`) VALUES
(4, 6, 'resource', '\"nyx-core\"'),
(5, 6, 'characterId', '52'),
(6, 7, 'additionalProp1', '\"string\"'),
(7, 7, 'additionalProp2', '\"string\"'),
(8, 7, 'additionalProp3', '\"string\"'),
(9, 7, 'amount', '2'),
(10, 7, 'size', '420'),
(11, 7, 'businessId', '\"POLICE\"'),
(12, 8, 'additionalProp1', '\"string\"'),
(13, 8, 'additionalProp2', '\"string\"'),
(14, 8, 'additionalProp3', '\"string\"'),
(15, 9, 'additionalProp1', '\"string\"'),
(16, 9, 'additionalProp2', '\"string\"'),
(17, 9, 'additionalProp3', '\"string\"'),
(18, 10, 'additionalProp1', '\"string\"'),
(19, 10, 'additionalProp2', '\"string\"'),
(20, 10, 'additionalProp3', '\"string\"'),
(21, 11, 'additionalProp1', '\"string\"'),
(22, 11, 'additionalProp2', '\"string\"'),
(23, 11, 'additionalProp3', '\"string\"'),
(24, 12, 'additionalProp1', '\"string\"'),
(25, 12, 'additionalProp2', '\"string\"'),
(26, 12, 'additionalProp3', '\"string\"'),
(27, 13, 'additionalProp1', '\"string\"'),
(28, 13, 'additionalProp2', '\"string\"'),
(29, 13, 'additionalProp3', '\"string\"'),
(30, 14, 'additionalProp1', '\"string\"'),
(31, 14, 'additionalProp2', '\"string\"'),
(32, 14, 'additionalProp3', '\"string\"'),
(33, 15, 'additionalProp1', '\"string\"'),
(34, 15, 'additionalProp2', '\"string\"'),
(35, 15, 'additionalProp3', '\"string\"'),
(36, 16, 'additionalProp1', '\"string\"'),
(37, 16, 'additionalProp2', '\"string\"'),
(38, 16, 'additionalProp3', '\"string\"'),
(39, 17, 'additionalProp1', '\"string\"'),
(40, 17, 'additionalProp2', '\"string\"'),
(41, 17, 'additionalProp3', '\"string\"'),
(42, 18, 'additionalProp1', '\"string\"'),
(43, 18, 'additionalProp2', '\"string\"'),
(44, 18, 'additionalProp3', '\"string\"'),
(45, 19, 'additionalProp1', '\"string\"'),
(46, 19, 'additionalProp2', '\"string\"'),
(47, 19, 'additionalProp3', '\"string\"'),
(48, 20, 'additionalProp1', '\"string\"'),
(49, 20, 'additionalProp2', '\"string\"'),
(50, 20, 'additionalProp3', '\"string\"'),
(51, 21, 'additionalProp1', '\"string\"'),
(52, 21, 'additionalProp2', '\"string\"'),
(53, 21, 'additionalProp3', '\"string\"'),
(54, 22, 'additionalProp1', '\"string\"'),
(55, 22, 'additionalProp2', '\"string\"'),
(56, 22, 'additionalProp3', '\"string\"'),
(57, 23, 'additionalProp1', '\"string\"'),
(58, 23, 'additionalProp2', '\"string\"'),
(59, 23, 'additionalProp3', '\"string\"'),
(60, 24, 'additionalProp1', '\"string\"'),
(61, 24, 'additionalProp2', '\"string\"'),
(62, 24, 'additionalProp3', '\"string\"'),
(63, 25, 'additionalProp1', '\"string\"'),
(64, 25, 'additionalProp2', '\"string\"'),
(65, 25, 'additionalProp3', '\"string\"'),
(66, 26, 'additionalProp1', '\"string\"'),
(67, 26, 'additionalProp2', '\"string\"'),
(68, 26, 'additionalProp3', '\"string\"'),
(69, 27, 'additionalProp1', '\"string\"'),
(70, 27, 'additionalProp2', '\"string\"'),
(71, 27, 'additionalProp3', '\"string\"'),
(72, 28, 'additionalProp1', '\"string\"'),
(73, 28, 'additionalProp2', '\"string\"'),
(74, 28, 'additionalProp3', '\"string\"');

INSERT INTO `Logs` (`Id`, `Message`, `Level`, `CreatedAt`) VALUES
(1, 'This is a test logging message.', 'info', '2025-02-08 15:51:49.852932');
INSERT INTO `Logs` (`Id`, `Message`, `Level`, `CreatedAt`) VALUES
(2, 'this is another test message bro!', 'info', '2025-02-08 15:55:17.603770');
INSERT INTO `Logs` (`Id`, `Message`, `Level`, `CreatedAt`) VALUES
(3, 'this is a warn message', 'warn', '2025-02-08 17:13:07.671534');
INSERT INTO `Logs` (`Id`, `Message`, `Level`, `CreatedAt`) VALUES
(4, 'this is a error message', 'info', '2025-02-08 17:13:20.326944'),
(5, 'this is a error message', 'warn', '2025-02-08 17:56:46.729172'),
(6, 'Failed to save character position data.', 'error', '2025-02-08 17:57:27.847190'),
(7, 'This is a a test message for metadata.', 'info', '2025-02-11 14:17:23.059831'),
(8, 'string', 'string', '2025-02-14 04:10:20.412050'),
(9, 'string', 'string', '2025-02-14 04:10:23.706654'),
(10, 'string', 'string', '2025-02-14 04:10:24.266602'),
(11, 'string', 'string', '2025-02-14 04:10:24.513659'),
(12, 'string', 'string', '2025-02-14 04:10:24.668867'),
(13, 'string', 'string', '2025-02-14 04:10:24.830353'),
(14, 'string', 'string', '2025-02-14 04:10:24.970934'),
(15, 'string', 'string', '2025-02-14 04:10:25.122213'),
(16, 'string', 'string', '2025-02-14 04:10:25.266082'),
(17, 'string', 'string', '2025-02-14 04:10:25.408661'),
(18, 'string', 'string', '2025-02-14 04:10:25.554631'),
(19, 'string', 'string', '2025-02-14 04:10:25.694566'),
(20, 'string', 'string', '2025-02-14 04:10:25.840444'),
(21, 'string', 'string', '2025-02-14 04:10:25.981376'),
(22, 'string', 'string', '2025-02-14 04:10:26.269023'),
(23, 'string', 'string', '2025-02-14 04:10:26.616642'),
(24, 'string', 'string', '2025-02-14 04:10:26.771746'),
(25, 'string', 'string', '2025-02-14 04:10:28.281718'),
(26, 'string', 'string', '2025-02-14 04:10:28.445791'),
(27, 'string', 'string', '2025-02-14 04:10:28.593810'),
(28, 'string', 'string', '2025-02-14 19:17:49.313417');

INSERT INTO `Permissions` (`Id`, `Key`, `FriendlyName`, `Description`) VALUES
(1, 'VIEW_ROLES', 'View Roles', 'Allow the user to view roles.');
INSERT INTO `Permissions` (`Id`, `Key`, `FriendlyName`, `Description`) VALUES
(2, 'CREATE_ROLE', 'Create Roles', 'Allow the user to create new roles.');
INSERT INTO `Permissions` (`Id`, `Key`, `FriendlyName`, `Description`) VALUES
(3, 'MODIFY_ROLES', 'Modify Roles', 'Allow the user to modify role permissions and order. Keep in mind they will be able to modify any permissions for roles below them.');
INSERT INTO `Permissions` (`Id`, `Key`, `FriendlyName`, `Description`) VALUES
(4, 'DELETE_ROLES', 'Delete Roles', 'Allow the user to delete roles.'),
(5, 'VIEW_USERS', 'View Users', 'View all registered users in the system.'),
(6, 'ADD_USERS', 'Add Users', 'Allow the user to register new users to the system.'),
(7, 'MODIFY_USERS', 'Modify Users', 'Allow the user to modify user details.'),
(8, 'VIEW_LOGS', 'View Logs', 'Allow the user to view and filter logs.'),
(9, 'VIEW_SYSTEM_SETTINGS', 'View System Settings', 'Allow the user to modify basic system settings.');

INSERT INTO `RefreshTokens` (`Id`, `UserId`, `Token`, `IsExpired`, `CreatedAt`, `ExpiresAt`) VALUES
(1, 1, 'xsq/xl4w9ikmegdEgEPPu17dhyiuho0STMMCEZsf5Qf+iVYq0TCvkUsYSV5VHEOUHkENvtUkC66Fg24Hl1sbGA==', 1, '0001-01-01 00:00:00.000000', '2025-02-17 22:59:14.405292');
INSERT INTO `RefreshTokens` (`Id`, `UserId`, `Token`, `IsExpired`, `CreatedAt`, `ExpiresAt`) VALUES
(2, 1, '8R5RK8pdN4fakWczDI+PoAKR4kpHlieem7kS0TDRvnKgE23lDFzfnT6yjBMb7i3ZghKZoXCzYrqVEoRys1s6cA==', 1, '0001-01-01 00:00:00.000000', '2025-02-17 22:59:16.390331');
INSERT INTO `RefreshTokens` (`Id`, `UserId`, `Token`, `IsExpired`, `CreatedAt`, `ExpiresAt`) VALUES
(3, 1, 'vEBiZKJ0C1VXrVxKY8k1Zx08eTYq8hw09f/MydGAWdcorroS+Hao2X4kN+CAuRjwWIxa3JAvCBNSRuUzEQn2tQ==', 1, '0001-01-01 00:00:00.000000', '2025-02-17 22:59:49.288628');
INSERT INTO `RefreshTokens` (`Id`, `UserId`, `Token`, `IsExpired`, `CreatedAt`, `ExpiresAt`) VALUES
(4, 1, 'pkzowEpO8k/7xk5uubX2wsD04UR0NuXEa0uINzurhXvy57spJQhIiKmI5eGPgr3sbthyOrK+YqsiZXnA3jowEg==', 1, '0001-01-01 00:00:00.000000', '2025-02-17 23:01:00.969045'),
(5, 1, 'kCY4Zvu5n29h47Kx5F/SwVgx7IK/m7Dbm212+3MgAu/VQulhRLIuHjAhWklcHgGnYtNQ0WOAA9MdlGUm9VoDRQ==', 1, '0001-01-01 00:00:00.000000', '2025-02-17 23:01:17.143582'),
(6, 1, 'eFoCckZVgDHB96OnhIf+J2GwoMdQrd8kJNN4UcvuHeLx9H1YplJm1WKqJDZ2u2f5wcSMW4NivJhzNYg1tex0Pg==', 1, '0001-01-01 00:00:00.000000', '2025-02-17 23:04:27.697156'),
(7, 1, 'dDWVRMpGgPE8E34e9JyLmZXXGeSMiOc5ptv/nj4tLF57ocI8+FdjZ6WgMO4a8+f0gXPq3jxTQZNPhMkVF0imaw==', 1, '0001-01-01 00:00:00.000000', '2025-02-17 23:05:51.374241'),
(8, 1, 'joQsXAtr38v6biwXUbXCUP0n7r/80PBZkucHO6k6Qce/DHS6WjFs/VtJv6sqJlfjbenV6lrArOrw22dZnWxr1w==', 1, '0001-01-01 00:00:00.000000', '2025-02-17 23:06:21.970045'),
(9, 1, 'ga7ZNZsd+U8OJbHvbu7KLDg4q/9LM5VcP2CHnN3ORk1ZpzviMOTqrNV1TOtRO1Q0Nhymc9IOWLcFMqJYgQjAdg==', 1, '0001-01-01 00:00:00.000000', '2025-02-17 23:06:42.062538'),
(10, 1, 'W+redbDp2OFuEul5Aqu3buEy1HGu7d8wAJexn/QoUmLVBgZjPhqRoq4eeDjHID4KZdjOrQJ6I/MakuMd+tj5vw==', 1, '0001-01-01 00:00:00.000000', '2025-02-17 23:06:43.166862'),
(11, 1, 'TKjTSQECPbuam3Ws2WHAKnDFeL05XBOrIr60qfsyYVfWPMnXZWGw6JW+HPxjtr/scsCLiKcc+j1+/A8GQfZghQ==', 1, '0001-01-01 00:00:00.000000', '2025-02-17 23:06:43.888659'),
(12, 1, 'y0Uxo1LnmCjllv/6WmamlmCOTFXhC3ZfzCwoNDZwiDqlStukhHPwYl8ozeQ9dyoAB5GFZQIDu0+vwGNxnqaW9A==', 1, '0001-01-01 00:00:00.000000', '2025-02-17 23:06:56.091297'),
(13, 1, 'Qrl2rQ3SDYb1fa1K5YPjN5c4Oz5G7KG49VARZVpf39nSkxcDwt5+kd/h/mVkxTc2AZuzKaEdcJclEYgFvJV5eA==', 1, '0001-01-01 00:00:00.000000', '2025-02-17 23:06:59.683671'),
(14, 1, 'vaXAR+u//tm2n3WbLrcIAYFquTTcMJRHK+oOec4rBCL3Smly+i4AMhLBX5BVxR44dlk8VlO5vDyZZJhB+rB/Mg==', 1, '0001-01-01 00:00:00.000000', '2025-02-17 23:08:31.094728'),
(15, 1, 'apeEjHAWaDqsPzrlN7IQiU0l7A8PdBtWl9rlDLn4UB81MHoVD+YZ3NHiA9GyAkyEWBV+nrh6IOH1ICnvwUB4tg==', 1, '0001-01-01 00:00:00.000000', '2025-02-17 23:08:53.084326'),
(16, 1, '7Nc60YdoXGpeeTms8VeBMpRxvSQkGLULzQPMdpNkjnJutd1XcRY607dmwx4r3U4L4IBDBqDkLgc4YXMF+O3Pfw==', 1, '0001-01-01 00:00:00.000000', '2025-02-17 23:09:11.056503'),
(17, 1, 'XMsRs0rP8D2XLY5+vqSDT4quTo+Tg6uv7gaCb6FDMTOny4vmEcov7rq+9DyEjV0dTpb6vkQPjlhThiQ1mBfsDA==', 1, '0001-01-01 00:00:00.000000', '2025-02-17 23:09:36.068711'),
(18, 1, 'KHs4YBnO30L62imjOtwX+l7WAfkGmDL6lVawmC4e+L/2rBPXMxqA7ellyd948yCqu5wKn4wK6xYV6TIhoUc+wQ==', 1, '0001-01-01 00:00:00.000000', '2025-02-17 23:12:16.826325'),
(19, 1, 'oCSDdebhmPG6ty6hYWp3JmRY213m6OTZeRg6JLFRV1KRroc/L74gjdcqKH9iZm7Pvv0xUDZIR7cONWhdIu4SNw==', 1, '0001-01-01 00:00:00.000000', '2025-02-17 23:17:42.870780'),
(20, 1, 'Epu4Q6pHUgNRzOvGK3VHNz6jzYhSqZ7+TdFhZubtSryVp+YbU4f+nT9kr3s2EU4vff2anUpMgQIGl8DQySD4Ig==', 1, '0001-01-01 00:00:00.000000', '2025-02-17 23:17:49.401953'),
(21, 1, 'h0YzrsqU1nxBIVZHemBcOHyg53EWK0/TjlIljM82Oq/EI8OmnMzqDJjwdTv7uPH3o6pTu1xzGZf00+/jn7YAlA==', 1, '0001-01-01 00:00:00.000000', '2025-02-17 23:17:57.774325'),
(22, 1, 'rI5I9VOuKh02YXtpHBfTROQSdJcpx7dM+2m1u0TogomkHvLdKRqJ2w+zQp2jYNWmHPUFoi8niOMZouzFgeNfqw==', 1, '0001-01-01 00:00:00.000000', '2025-02-17 23:18:47.302624'),
(23, 1, 'N5JqI5DBlNZGsFQDqoEnGSQ6XPdexqku7g1VeJxGpo8L+QhFRfDc6vL0HsW2RQJioCTjMz7yzIMtPq+BW5IYZg==', 1, '0001-01-01 00:00:00.000000', '2025-02-17 23:19:08.802428'),
(24, 1, '/Xf4NhpXbzBIPIjgM0MI3CG7N+xKCTxz/j6JELc3vQ8xDpZSTj4PeI3yAW5la6AojU8aaRHn5LEMnSYvkdO+Qw==', 1, '0001-01-01 00:00:00.000000', '2025-02-17 23:24:56.065275'),
(25, 1, 'MwNIOEMu5t3G+obbHuAjU4QJV+/Jy/Ocg0QEVexBSaJZ/tur+/BVQEPi+y/S0EcG01+HzYF9DLBOrFM5FD1/aw==', 1, '0001-01-01 00:00:00.000000', '2025-03-10 15:34:34.336759'),
(26, 1, 'MO5h+tZvejLPedJKYLwbh+3q/JwT0Et7VDofOAQ7VWa5yGINV0x1Ebf6VsZJTChReT1SnIyPeaJ+cKqMW3TIcw==', 1, '0001-01-01 00:00:00.000000', '2025-03-10 15:40:32.790021'),
(27, 1, 'M3xWe7R54WsqwluAXZKK0PK50yt2/82PF50p7kqGlvKH56OaklU/6m7DmW53Ynm7iUJR9QedfZ5lWVj1t1AMXQ==', 1, '0001-01-01 00:00:00.000000', '2025-03-10 15:42:16.619565'),
(28, 1, 'HT2TeppRWN2hYMXySngo+hcvZBUf+OyOU33eb9xUM4we3h9M1O0vLnDr+EpIs7CFLDN0VOqRH0PfLw05ZxzLYg==', 1, '0001-01-01 00:00:00.000000', '2025-03-10 15:42:46.198468'),
(29, 1, 'HFqjC09+U1ZV34CUaP9okoZHmbOGxeWK5S88LzQ962UO2eiNi7rDuf5yq9sQj+B0I6ex4w0r7h0xO2mam/Vvjg==', 1, '0001-01-01 00:00:00.000000', '2025-03-10 15:48:52.849048'),
(30, 1, 'dCTvCvgNQJAJWPwRb6HG0MiYvkxIOf9t6HLIrY4lo6rU+FZMzI7pG8rezlB6K+N88l/to/kT8td3DqLHOWVaXg==', 1, '0001-01-01 00:00:00.000000', '2025-03-10 15:52:04.105889'),
(31, 1, 'ebqnRrggR8+t1teKEpAUic2z0pvjW0EHGxTVGsdbY62CflKUPWjx5UjTgo0XgX/NB2B1nTlJH5K2wsDeslbMcA==', 1, '0001-01-01 00:00:00.000000', '2025-03-10 15:53:26.165842'),
(32, 1, 'EKoLv2dMBRnTY/AfBrJ//4rNy4F06/ASxGUI4hDU9F9XhFBfmNEwsvbby4NmywKLAHTT4QkEc4krOEprYCa7Dw==', 1, '0001-01-01 00:00:00.000000', '2025-03-10 15:55:21.507845'),
(33, 1, 'ZImQAHBwQtmEi2D5FuPiT6aPGjgyAcJQ7bjGiJCYaZtCx2xdqUa4QCUASueAUWviRR1POeuk1OjEETZU1HC7Qg==', 1, '0001-01-01 00:00:00.000000', '2025-03-10 16:05:47.708494'),
(34, 1, 'yM7s5ZxJO+CxBiOVUkOM54ZH93KkBFiQUpp5WoV2NkQcpo2Eqh7UeBXNABY0isEUiJOwf2bcm2BPwHcVRZmbbA==', 1, '0001-01-01 00:00:00.000000', '2025-03-10 16:06:59.711682'),
(35, 1, 'ryZCghFHqcIGAv/ImQCxBgdm2DMmmic9Rxw1CiC60OONgr/NuMSlve9uxLlyZFKV5hh4WePpPF0l+IEmJCxYBg==', 1, '0001-01-01 00:00:00.000000', '2025-03-10 16:07:03.993457'),
(36, 1, 'cQywd7Zlr2W8dOd/yUEOFicb7PkRJa9vFOIt+ArckRdTmu3OrBlwZHsxHfV5CjLA0Mzu8BjtAMQV3BEMGlo9Jg==', 1, '0001-01-01 00:00:00.000000', '2025-03-10 16:07:04.971502'),
(37, 1, 'NboQF66/A7FBeAc98kUoLabASILugPlKzH5V/uMBCetXm2/Z2aEhTCaTVOV4+Ixg7cclr5BYXebAhorq2TmmXg==', 1, '0001-01-01 00:00:00.000000', '2025-03-10 16:07:05.707508'),
(38, 1, 'otuM/0M4mUUbrRiBr9bSmhcQSaUmWwCCr+XoFMFavhCbxbxLZ+ojZqsDooLx1FPmFL791PTdrl5uwztju+6Pcw==', 1, '0001-01-01 00:00:00.000000', '2025-03-10 16:07:06.508547'),
(39, 1, 'MVKPNzH34y5EAAEPffosxT7+vuCxsoJQiy4OvZkf3htQe9bAZMJ7w9vv7vch9PzJreUe3X6kdcvLMKn8Hn6hcQ==', 1, '0001-01-01 00:00:00.000000', '2025-03-10 16:07:07.327434'),
(40, 1, 'WDvd527m5rHpzWIW31L/74NdBd4a/h5msmHmqF2qkNoYz2YV5vanE4y0gV4gNgC0QZT3vc1+v+lgYk8wbXafFQ==', 1, '0001-01-01 00:00:00.000000', '2025-03-10 16:40:42.156667'),
(41, 1, 'dhVNaDne/raeLdbAUeuqxNGDEg+j/DTH6vLjEm6rptI36Is6hlm0ajftB24HaJEfpgsjbVv1ATdDfmrZVW2lgg==', 1, '0001-01-01 00:00:00.000000', '2025-03-10 16:47:13.618719'),
(42, 1, 'aMhKJJivWU6sjgRxAV1W15rUtf0HhYRnl+ISNI9nkCb3BadOHl4S7ODfh6FCwbnQj0kLF1yW0p1Zgq/9xgiqmA==', 1, '0001-01-01 00:00:00.000000', '2025-03-10 16:49:47.291491'),
(43, 1, '9FaKTVBBjdsFiDHlE/DvMoufIr1LQjlM2+fZ/mmxYC+wCzp3oPDaWHW7CVeLhQVbEab1sFvCVeg+nT6/fe/nzQ==', 1, '0001-01-01 00:00:00.000000', '2025-03-10 16:54:46.117125'),
(44, 1, 'QLDI7gGspjK8vrh3ng/nrWiyWbutB0lJYZ7ZIqPMABtpD3/zkFPC0Z2IIPAzfQkznph0HMGMKHu4as+wk35nVQ==', 1, '0001-01-01 00:00:00.000000', '2025-03-10 16:55:30.311073'),
(45, 1, '9GxH7/16MBc75CTVdkn2zIqlSNGACkM62EW1k1pFpbuPsOWf1VPwVoyX9M9SJDchGXeqZ316Hx4G/eU115yaBQ==', 1, '0001-01-01 00:00:00.000000', '2025-03-10 16:55:38.949500'),
(46, 1, 'oTp+4nEOfiUo6XUP9da/sxWtUYhPByXf5FHoLFiQMFJmfQgoXtsHD3T1dX217G91FNdwahk6le2sBS939xl/pw==', 1, '0001-01-01 00:00:00.000000', '2025-03-10 17:00:55.333251'),
(47, 1, '/kcYFqWT9YNoiHxBN7NV/Vqqg5retJWmwYq42WZMxznxRFSKLuXAD52546vnB5cs/K2+2LLVqPbhEJirsYpymQ==', 1, '0001-01-01 00:00:00.000000', '2025-03-10 17:04:20.962002'),
(48, 1, 'wXHoDXx0LGXjDCDemU5Ei9b2DLt4d5uJKY/RB5Jlk+OgIvEWqo1oRFgE1mAGBi/tr5i6ZbvnCxnzNvUlxj5lLw==', 1, '0001-01-01 00:00:00.000000', '2025-03-10 17:06:49.035525'),
(49, 1, 'E0WepunW39gxCLiC/qZHXxzeh8QhKV4iMJNVG8eGsIPl8tuUJcsav2rmi8i4WQqAe8jRRizKWrJgakJAzxCXfQ==', 1, '0001-01-01 00:00:00.000000', '2025-03-10 17:20:52.335850'),
(50, 1, 'odHayPFK52Jyb7I2bZxGW4f/RyGxf331Te3Ixw7BUoSPfrUE73SbdmBf2G036v3Sdj2jwUMSYzqOJw7YCfVRug==', 1, '0001-01-01 00:00:00.000000', '2025-03-10 17:22:52.881159'),
(51, 1, 'FL/bNPm70oMyF6Ydf5Zl+6ay2BYrqVNwLIbBc8YyA+yKNxdo9PPgRwFtO7oE97TvER4C8f9snp3h6//d136zKg==', 1, '0001-01-01 00:00:00.000000', '2025-03-10 17:23:29.162779'),
(52, 1, 'yUQF3MXC+DCgBAGnnckHTiBF+z94ey22H9GPA1pneGrCUyZUnsXhftboTd8HIphzrzjsKsNTUnLWypYnxP5FHQ==', 1, '0001-01-01 00:00:00.000000', '2025-03-10 17:26:17.085963'),
(53, 1, 'e37QDnLge0IvYwXKHEql2jTl+QAfbHaju4R4j19ddMC7W6uJcfOQagL3jpefDoTTJGaLs2E/zcmGqOY4emmuow==', 1, '0001-01-01 00:00:00.000000', '2025-03-10 17:29:48.172658'),
(54, 1, 'YiFrwIhxDo6sa0s8sZL3n4jI1wq4rXpvC6HsOV3S8/UjflV+c+ieQNUyQo7skL8aPGrYVF2/wJ5o7BC3RZo2Xw==', 1, '0001-01-01 00:00:00.000000', '2025-03-10 17:30:40.338058'),
(55, 1, '/a8b0PpA5VrZ1P4y83yyLUeS17dKgzzU+2n6PHw8MktQCFyQxtY3ZaVIT37oZCY+DT8qyLejV6jzTZCrIYoOzg==', 1, '0001-01-01 00:00:00.000000', '2025-03-10 17:36:00.582787'),
(56, 1, 'qdsiJupGQ90ltpxoieSyOJesf5p/jmo57H3GBHmhs3Boewlv2fkce8JicyqxUidUExjO27ByfqmMRaAVm7I5Zg==', 1, '0001-01-01 00:00:00.000000', '2025-03-10 17:36:20.011868'),
(57, 1, 'gtzMCsceT5OdD2mZxxCNSV6FSH9nUYhmWReNgOJ6gAXyLWP+PZRPX7frnHf3ev0iD9MEHjbnLHdeXxgH/X/ckA==', 1, '0001-01-01 00:00:00.000000', '2025-03-10 17:36:39.092365'),
(58, 1, '4gp4h/Q5tC/ZiczgHM+mxMCieTynQbnnyFchyQcGQ6zq/zJRX/XK6tgPldwL4dlo4H0DRzGvPm/PNh7a6Ma0EQ==', 1, '0001-01-01 00:00:00.000000', '2025-03-10 17:36:48.249082'),
(59, 1, 'fNAyyFVUh9vfvBaeVWF2RVraKjqUBr6H4EllfM0y0+PGt6fd5UjoZW4m4eGrkt9FAJ51KnaWzdu6RDfyZ8ZfLA==', 1, '0001-01-01 00:00:00.000000', '2025-03-10 17:36:54.012765'),
(60, 1, '8a4F6DDCrhkIGjQAlA7+NBkW3PjQGL9pYynKRAGfGbJbA1vAu9/eY2U/yWR/j7Yi31fC5t7+kW8eXYzXbubUPw==', 1, '0001-01-01 00:00:00.000000', '2025-03-10 17:37:49.573703'),
(61, 1, 'Gw0Tp56IN7r44dCibBeYFt34FBOjsMEWWQ/kwoUAG7rMS8vIAjq24SQ6TzhLFEZLgJbUJ7CuAH+rTRRTlA4s/Q==', 1, '0001-01-01 00:00:00.000000', '2025-03-10 17:39:03.099818'),
(62, 1, 'EA6OYzdnvRWhdRSKx5s5OdBKDJpLFmEuyapReNwCH3Ns0FKfKZuiAs04/TsCkOcuDHWOZzLe579QffHh6se8Pw==', 1, '0001-01-01 00:00:00.000000', '2025-03-10 17:41:14.272681'),
(63, 1, 'W4kyMmEIzuQo0qooHEl5+6/vV85PFbKGq6RAI2PipF2SpnzKIq2gxx3r/IKDx1Ib4KG7vvTFBRxqclfUIBWazA==', 1, '0001-01-01 00:00:00.000000', '2025-03-10 17:43:29.663561'),
(64, 1, 'j7Z75D7jpgXo6KZwJ6sDnXZ8GV3yy1QyeSDn2GJQZcxlDnVX74kjndphaqGHC4t4UjlCeCR/yCSyVREqchsEUQ==', 1, '0001-01-01 00:00:00.000000', '2025-03-10 17:48:30.634027'),
(65, 1, 'HTlNBeeWNa6ftWnoDdDor7i7mVmbwgpu71CV+YoKRPWHVFi+qESSJpEkC4AKYx9ewreafQtZkB49ZglIeJtPug==', 1, '0001-01-01 00:00:00.000000', '2025-03-10 17:48:46.379745'),
(66, 1, 'tMw8S6PWkOV+6K3xjMAI1kl88Uz86IbPlLOvd5HoM5J1yRPvurs5xqd2+AHoIi17YE+xJI3mnRyr0I+rhTRf5g==', 1, '0001-01-01 00:00:00.000000', '2025-03-10 17:50:55.005145'),
(67, 1, 'GmSccOSm9cHzqbelfDRk3q42WgGIM1okCovMtQOyHSsWzpKm7EVXSc+ydawFxluihd7RiqN0AJ2fy92u6xszFA==', 1, '0001-01-01 00:00:00.000000', '2025-03-10 17:53:50.526271'),
(68, 1, 'FcvQH++VA/WBiUaFPthK2MoHn+/pQFnGQAhQ9cVdiSyRcwOCYi7PUFU4GIgzXtxqkIczE055dgVh3v8SEfxPmQ==', 1, '0001-01-01 00:00:00.000000', '2025-03-10 17:54:01.268317'),
(69, 1, 'bw/imlYcg8wWOoss7PCYdloyCdehxRDdkrre2MXPri2ff3Sl8VqKr+zwtj2v2rBHVn5uqcSdIFl7he7/sRCFEg==', 1, '0001-01-01 00:00:00.000000', '2025-03-10 17:54:12.446017'),
(70, 1, 'f68r4N6laQoivXJqEp8cCeS2NN8OnAmt/bf2e0SpKAngMD+FXKMNV2kgILZBQbs8KJNKubnd26hhtKnLHk2N1A==', 1, '0001-01-01 00:00:00.000000', '2025-03-10 20:50:24.348115'),
(71, 1, 'Wjp0eAgT0h5RZNeWzFmg0NrpMtnxloyPzv51dbAuevtv/A9hYowwPTxceZH14qFr6HwBRuP7JjfVX1okcgd7DQ==', 1, '0001-01-01 00:00:00.000000', '2025-03-10 20:58:49.986549'),
(72, 1, 'Lx6k1NkRVTXfGtt+9zZATCOFu0GmWsMrZ0OUZc1qflKbFk+7bBV73ryDbUXwIoMRT/VsuVKHpvdTpetwLzXIsQ==', 1, '0001-01-01 00:00:00.000000', '2025-03-10 20:59:11.772915'),
(73, 1, 'uZDWuWTzwgHtzTA846w1EWNhyLg+zur/aZjc62rgytUPRov4PLIATvpo3CrlHLqcJBCsOe9hmfFXpBq1OruHvA==', 1, '0001-01-01 00:00:00.000000', '2025-03-10 21:00:20.146873'),
(74, 1, 'Hfu6QsKWZJJkKfxeyZyTaTgE6euKg2w8hahjHZUv2D2lLbQf6WNjOxRUc+ktftscXvXKD3OyJzY0nvDz84BOFQ==', 1, '0001-01-01 00:00:00.000000', '2025-03-10 21:00:33.236306'),
(75, 1, '+Ye+sebjkBLrlzV/XMkK5J2HEDovpk2CVvC4mJO9ouLz5nZoloamnyd6CfyzpfC2sdp4dq8uSPxKe6JGvOqJ9Q==', 1, '0001-01-01 00:00:00.000000', '2025-03-10 21:13:07.471837'),
(76, 1, '0UUaX4rg5R8/pAC/2I+LvXgIuOe8nFUcxiCyjM/OLFIq9jmUfaXucZ/4TnEyNZu96gX2Vfi/gXqCnhRh9OEZNg==', 1, '0001-01-01 00:00:00.000000', '2025-03-10 21:24:24.218296'),
(77, 1, 'Zv0EPHZg2OYP1i8vIjaSDD1RQocLAiolV+ytyYlO072CKEtSluhsLAeJqnSTMGbPk8V4TSbjifwxURmnnm6EXQ==', 1, '0001-01-01 00:00:00.000000', '2025-03-10 21:25:28.140059'),
(78, 1, 'uZ3R1d1ZP+yKF8gAA6XMQyVMeZ06ThuqTbcfqRJ97nqqaiQx4gAbgkIbVLXBS/iTTWJEslrdZFvywGpJe2qRLQ==', 1, '0001-01-01 00:00:00.000000', '2025-03-10 21:26:53.145846'),
(79, 1, 'OImMJeS5ZwbLUL0ZSjhTabWY3S0Z7MN+PjaQXBSFsrhLxQoZrOd8GqVWIdeI2MyEHHm0Iqohl802z6pUqjR1kQ==', 1, '0001-01-01 00:00:00.000000', '2025-03-10 21:28:29.838786'),
(80, 1, 'r6tU/uwp6TkkTb4cFwPJd3YJhPQewbEVcCwGt9Br6RNgFmrOirchSW7pU6L6oe2UJQvcZ5Gz6ROqxhGq+D3MlQ==', 1, '0001-01-01 00:00:00.000000', '2025-03-10 21:29:23.153914'),
(81, 1, 'PIM2qOqwkqTo9xWTLwXSAg58/PnR3KEnFT0wH4qlLA//nxfAZmaHzO3elJw9ZmGMkYIFqjXhdKWFsdV2cXc8Lg==', 1, '0001-01-01 00:00:00.000000', '2025-03-10 21:30:40.149083'),
(82, 1, 'gR/WKmTo2/DRJDqMx4XqjoD8OJX66PE/VJNuZNsgLRKHxbq7lVC+/zAYpyAseIFz2IYK21XW0V/ucGhYwJOVtQ==', 1, '0001-01-01 00:00:00.000000', '2025-03-10 21:31:03.142933'),
(83, 1, 'e3jt1lthX0VL28mXDJsSR7/5+kaJWNb4mEO51WUcwcsYMVS+1pEdS7UOPxtjXY4eh4JS3si8enZD0A2QFgNB0g==', 1, '0001-01-01 00:00:00.000000', '2025-03-10 21:31:30.154009'),
(84, 1, '3TRlM9O4q20qM6tBfGgBKwvJchZSyxftpXObpXpunoJ/2Z3+Ob828Ueag/lZNG/1y/ubc43dz40+3bIRL5siwg==', 1, '0001-01-01 00:00:00.000000', '2025-03-10 21:31:35.449798'),
(85, 1, 'gF1CbootPqpKecP/2hPzSaKKCZKVUzs2NUyuDcm/P+McxTilGdFwIVGXOpBLEu1zg4jA16fJBWUJkmCQrpqqvA==', 1, '0001-01-01 00:00:00.000000', '2025-03-10 21:35:57.162164'),
(86, 1, '5FNzVAdSEDakb9iYluiZ+Ow5r+JxDXcacK9MIXH/K0UiyBdg4RQaWaLRGxJkewlczv8dGRzpkMmWvEtAz8LaMg==', 1, '0001-01-01 00:00:00.000000', '2025-03-10 21:36:24.792660'),
(87, 1, '/zjpU8mbphx0YECBr4SQT5YAgy+ZEJ1AVDumlB7CFzGNyt680IRdKQfb4FcInI3EXYtrSaEFnTLt3qHSViL3bA==', 1, '0001-01-01 00:00:00.000000', '2025-03-10 21:45:05.433866'),
(88, 1, 'MLiU46Rye5dSflbnx7Tc4IHy68GxVu1ikxHawD3SBK04yCVL7J+GZWM/y9X6A5+gTJK8M+5MCvHGrSQD4qYSxg==', 1, '0001-01-01 00:00:00.000000', '2025-03-10 21:45:28.163274'),
(89, 1, 'AFCeddqqOHH7PmGIs9ttOfKh3hZAZpYdJPyyKPbsXOs6Ic63Cmz4yjc6NkogxUmml6qENSoEJyJiiaJ+d5+xKQ==', 1, '0001-01-01 00:00:00.000000', '2025-03-10 21:45:32.236840'),
(90, 1, 'bfOym4Br0eg9GgSXlWqN5BBT+8Cj5JxzsuLgQai3/122JAvyeO9M9HIftBWBE1RZg8sjsRguQfIWgAOwOzAD8w==', 1, '0001-01-01 00:00:00.000000', '2025-03-10 21:48:44.216252'),
(91, 1, 'fiKzznBJJcJhRExHdOEn392R5XWe4o6G6dozgdQXL/poM/azFEwCZerZgPo0wiH04C40yadzGDCGqbVBpn2/MA==', 1, '0001-01-01 00:00:00.000000', '2025-03-10 21:54:28.752842'),
(92, 1, 'BKsuqQYiONdi3MWAmdjN5Z2GDY+OEsuai/44xp3RJw2iJQdj1MDIgNFBICfvoURdRNjRkSmE75/I2hRtlwwxpg==', 1, '0001-01-01 00:00:00.000000', '2025-03-10 21:54:32.150744'),
(93, 1, 'vS5Bpot64597WPpdSHp7RWPhHySE3bMiXrGt0LBslCoj5PYrP0QPmO5IoQ7z3/ncHL/QMMfZIgRHnTwLchMj1Q==', 1, '0001-01-01 00:00:00.000000', '2025-03-10 21:54:36.418518'),
(94, 1, 'vmg45UDeP4RxnXWzRLSRy/a3Y98rNtYmB8YhdiuVczF/kRp4XYOwZzP8viXWF6p3lEOp2z+g53QiO8nRgtRarw==', 1, '0001-01-01 00:00:00.000000', '2025-03-10 21:54:40.078117'),
(95, 1, 'JBG60DMBD5zbBwpb9r3MEbbMNw038alUcAd4EFTiFGlN2Xg7ihTJzAXpmWW8AELqtxmFIIRn84QDFHzzZkmzgQ==', 1, '0001-01-01 00:00:00.000000', '2025-03-10 21:55:14.876943'),
(96, 1, '9UAe70hR3uxW2V1JaAqDDJIYHmiX47RZPoGivMGIE3pzaRqoyja29Al/3M1PxWM8im2xeWOomIlfkayq4WAc+Q==', 1, '0001-01-01 00:00:00.000000', '2025-03-10 21:55:24.660970'),
(97, 1, 'SI6ag7QdQpTB/YjxTOQTx/yVHKBC9XOgnt3KYMC9uuUGZ2NAcLwMo9mA9QejefRap19/QTaBJ9zZbWH7Qwzk7w==', 1, '0001-01-01 00:00:00.000000', '2025-03-10 21:55:48.431434'),
(98, 1, 'p2VT7W1j9Ubh7ywWvRrCQJ2Y/PwMSDjnYHuKWa0LQ/CAN8HmEqgPn5TYlEvcGfbuiLn1nicqcaiyt96QEX+ksw==', 1, '0001-01-01 00:00:00.000000', '2025-03-11 01:57:46.489352'),
(99, 1, '68hW1JqJqMiDNlM1Br23V1ipzMG0maIy3erXAlhVtRbXwM0U5HwnCEy+8zAdrCyupGMBT21eRPGvupz+UcCDuQ==', 1, '0001-01-01 00:00:00.000000', '2025-03-11 01:57:56.241139'),
(100, 1, 'PbdA8eFGe68YxBzLqG0t41jR6hWbv3+Tls2wwfOHFIp0YU1SPY+Ig795ArrbQH2svR3bh8gUU4jLWdbU+yvGnQ==', 1, '0001-01-01 00:00:00.000000', '2025-03-11 02:00:36.391275'),
(101, 1, 'K9AcnaacqppSC2wizG5005UiwrnhO95PRbAWRwErqUzZysB5zUKFxLCCKzmDgMoDzMUcVwisdBbyX8E2AJdIMg==', 1, '0001-01-01 00:00:00.000000', '2025-03-11 02:01:27.412600'),
(102, 1, '9zCvjbvAMtkRO35RA4VB/0jxOEXzMT4Nluf+7OPhQitTQnr5UEUOBi62fPcFxstUxSzURyfP7d9DG+aU43M1yA==', 1, '0001-01-01 00:00:00.000000', '2025-03-11 02:01:37.399991'),
(103, 1, '+TePQv+6F34Chqj0wEVZvKtYOEv9Qz038aGoub/akLTSLSxukSXnY6fh6sEQNvDmk93Qsf9NdY5Qka1Jy10AGA==', 1, '0001-01-01 00:00:00.000000', '2025-03-11 02:01:38.364309'),
(104, 1, '87Iq6WjJQ3SfZ51Dwh2fodJihmnwUsuGpvLqzPIRWPkEQmHCqa5gKAP5o4sRtcQGpsQnna0JuulP/xQY/aN1Iw==', 1, '0001-01-01 00:00:00.000000', '2025-03-11 02:06:30.856539'),
(105, 1, 'aXxCssFKduEy7YlHL6NoNHoQvmREg+4Vc+0RLDUXeH3jYVm/vZomD0mDIZuPJ9k8AquE6dF6uc6rdvk+6bA3lQ==', 1, '0001-01-01 00:00:00.000000', '2025-03-11 02:07:03.602471'),
(106, 1, 'J0V8hgZYZ4x9xxMPYqVF2LH6sTck7kgz0m6rKDPiehTzbz2pzxtbPdEe7tVbLS1XY1yMZXjYtJNoOc4RDPxZAQ==', 1, '0001-01-01 00:00:00.000000', '2025-03-11 02:12:37.197056'),
(107, 1, 'XLujEn4r2pczu7v42fpcia4Ep4K9cSKpa8CASsYodFOeP8VPCjlZU/efoV8ai8GpSyAkty8g3JsPJr7E+X1xqw==', 1, '0001-01-01 00:00:00.000000', '2025-03-11 02:18:25.312946'),
(108, 1, '4jYntE9fUsCZssQ864yuDF654Lkk0MHHdVXTP2+dgWnBIM/aPssxsemARt5QLrggZaTBFQiKsIhe85cEfyr/iA==', 1, '0001-01-01 00:00:00.000000', '2025-03-11 02:19:01.554149'),
(109, 1, 'QpIxwin0jP6mPAuzy3zTeZpToG1xNsHL9uNy2M9s6UxPZVFQsJ/JD63OOngLdc0oCSBpsNwAOjz+4k7RWQp9Ow==', 1, '0001-01-01 00:00:00.000000', '2025-03-11 02:19:05.276477'),
(110, 1, '3aDWPFHpId/+Jh4W9om/yubORh1fbche+cFE8fpi7vBt9Fyfefj/aj3PgBOMtoAMdkNgbgvwXl78GYKsnt4pBw==', 1, '0001-01-01 00:00:00.000000', '2025-03-11 02:19:16.669840'),
(111, 1, 'lalFsOx+N3lg2QumE+FKC0VQ6TySr5ZNHeGmbNDfsuPq6Jspy7Raqf4sowYYY6qzfqFGgS9rNA8jan+r1zuWHA==', 1, '0001-01-01 00:00:00.000000', '2025-03-11 02:19:31.186262'),
(112, 1, 'R9usOl0J4YwvOUOMgge/N9JQCdAjH6bqPksU0HcTpoLl74ZFr6yfj/VW8rmqpXk9lwjuArhTuIBn20Tqp4JqkA==', 1, '0001-01-01 00:00:00.000000', '2025-03-11 02:19:39.833684'),
(113, 1, '/vpRjnxU67FcYImmaggvF0jfKmkrm8FfclRAVqmFH8PtdUubCRMuU6QaYYiT0ikwPHD80V0XrmDBnliRXKF/eA==', 1, '0001-01-01 00:00:00.000000', '2025-03-11 02:25:31.147797'),
(114, 1, 'AJssdgX5k1RHbM8Am2ruTcWVJTK/Kmgx3zZre/kzkwWYJV4X7snJ8YQSbJNqLCIme6yRM/zx733sZlcHrMorJQ==', 1, '0001-01-01 00:00:00.000000', '2025-03-11 02:27:28.354367'),
(115, 1, 'vMfQgmInPPnWI0S7bcobCStpyLGk+ez1fEyB3qdkJnX8yHcyNSyveLxL1Rb/C6W7E3hwb8nZSXI6tXOFO9z8IA==', 1, '0001-01-01 00:00:00.000000', '2025-03-11 02:31:43.137830'),
(116, 1, '9M/xFElGbJbX9/EyXltAhujpixMwyUUcJ/TdCsNU51S605v4fp5I2/+AfX1NLqf1UxcT1C7CoM4LxcLJ8jCzcQ==', 1, '0001-01-01 00:00:00.000000', '2025-03-11 02:32:27.613216'),
(117, 1, 'hXeF0fNeKRfC/J7bn1/XgG8p9Wypuj0G5M7/CCBJwgOJt/YALXxqIXa2w0viDLQzPQ4+ISPhgBJ2wlM5ihHrrQ==', 1, '0001-01-01 00:00:00.000000', '2025-03-11 02:33:25.152158'),
(118, 1, 'FHBZXhN+htQ3OlFVn2VsSIiEog5P+0YuKLvoPCMhygP2Tumq5Pz7Ss4ASP4z4KvoFX3azdGBsbOGPtzNZZUZ/A==', 1, '0001-01-01 00:00:00.000000', '2025-03-13 14:05:01.106494'),
(119, 1, 'tWdcjTGU94MhEx4K0Z80JVCJLAzwOkF2sSr8dfGfm36AsG9EVqMORUd8gCvWJBxLJfWxbpYtGl4cYJmPfGl3/g==', 1, '0001-01-01 00:00:00.000000', '2025-03-13 14:06:14.223458'),
(120, 1, '9J6guA2fLnuyWxvIieKtfCzHhEvB1WztEmWF2lnbB6ZFRGsgBZq9NkMf61dJvff2/JZn+0+GyYYTe0h5595PPA==', 1, '0001-01-01 00:00:00.000000', '2025-03-13 14:07:02.510085');
INSERT INTO `RefreshTokens` (`Id`, `UserId`, `Token`, `IsExpired`, `CreatedAt`, `ExpiresAt`) VALUES
(121, 1, 'ot/ufadzxRVlas5dLZ06wDOUCEwdkRkq6OTB0iyGmcamB/jvSdBXCZRTJ/4F0IOhU3R0u6XFeFbstsk1JOOu7w==', 1, '0001-01-01 00:00:00.000000', '2025-03-13 14:09:32.203313'),
(122, 1, 'f52BoFLSBnKZ0EWLpxmi/WFtc1a8mJwmXGoQJ0+JiZ1EbzuXWVaJvVDzqArW1WmOmO1gL9rh1VWKYE4j7FbMVg==', 1, '0001-01-01 00:00:00.000000', '2025-03-13 14:09:45.886914'),
(123, 1, 'D3yhgFPqUXxdL8U/LSLLFpllo8//isTWQHdUD2qINn15fIJLrTs93jvfweWtflrSNqlaX5gaglPAfE3kgIHr/Q==', 1, '0001-01-01 00:00:00.000000', '2025-03-13 14:13:26.828084'),
(124, 1, 'VeOpjaJQFJZAy0Lx+vtDxYWk8D+ykodlGJNg0v5dxGkdaTsNn+HOiW27bmrS8SaPkpl/Jq22enVb66TWif0bBQ==', 1, '0001-01-01 00:00:00.000000', '2025-03-13 14:31:56.997836'),
(125, 1, '+zGfDH6g/DcKrq5f7JCEiqUYsvH/PU6s/KSQtluMx465P0vvqXephlu7ThuaAqm+2u7ZCxY8RLaP1xMwXkSHJw==', 1, '0001-01-01 00:00:00.000000', '2025-03-13 14:32:43.036694'),
(126, 1, 'D6Tryy5yGGxqOe3Yttsogj5dig9Q2DSTu/WhTY/lUWX8nnwTtj6X5FFjHqgQGgb15eDouJZBXkjUX6xCmtgIeQ==', 1, '0001-01-01 00:00:00.000000', '2025-03-13 14:41:26.204170'),
(127, 1, 'mdaupsRM3afUHpkQLeVTFHASxD50/hWdq4ga7zn2M+5FWt8Sk8DmOq/r6O+Ppt3ORtCWCVeSRPu2LkhGlCnIwA==', 1, '0001-01-01 00:00:00.000000', '2025-03-13 14:45:15.609662'),
(128, 1, 'zJ9w5zfkj2/YAqB3YpX1ASdfCE+yKDvyzv7VCqJhoxLzDgyZrpDiqZG7tfD9QErqXg16FgjskHmLP7BSHrq4HA==', 1, '0001-01-01 00:00:00.000000', '2025-03-13 14:45:39.824812'),
(129, 1, 't6lpELl07h3piyjYfuoFBcBb534aYf8Ln1dWB25gF+0OLPSU35janXV8niHyDElhDB96SFuOx8B5kL2IFKFD/g==', 1, '0001-01-01 00:00:00.000000', '2025-03-13 15:12:03.938363'),
(130, 1, 'UTv/v8A4ydzJjpS6MgkA4D3CvyHz3C087CvqTi4UvbNMC66jMsWLSqz/Z1rnd3OmyCV0JSY0fhPN0ey3fw+Wug==', 1, '0001-01-01 00:00:00.000000', '2025-03-13 15:14:47.762607'),
(131, 1, 'TfxrI9b72CTVSWQMJpAgRT7G5mYNavuF0WcRo+nKm426yEheu1rV1zIdaewcQpetDWzmC6Jo5H+zNFGo7sVxSg==', 1, '0001-01-01 00:00:00.000000', '2025-03-13 15:25:44.097689'),
(132, 1, '6CI5RIrpR9Xs8itTV/D0KTlIAmwq2/EOaRr/bkdgQZom7p+hKa6DcEFjnL+TREgwySSuEJecBNWY8YSId62L+g==', 1, '0001-01-01 00:00:00.000000', '2025-03-13 15:26:10.426478'),
(133, 1, 'B9ude593qYv270kezrS69H9DaOlCjS5GLqDOJOODAWVEm/h3/ZpUiQeN81Z7McIoCUQSJYoJGiKed3bLSIH0kQ==', 1, '0001-01-01 00:00:00.000000', '2025-03-13 15:29:32.039160'),
(134, 1, 'YL4DPjUaysUEVHV5O0aESY9fdLRqm/q1RTKm5VgLzBKI79RrAH2OLMHAypUKlDLkI4VQ//TMyV/Hz5DAyqqo9Q==', 1, '0001-01-01 00:00:00.000000', '2025-03-13 15:32:05.531016'),
(135, 1, 'IYXcIOR/CH0BbVaHidZ5tO8p7sZ9jWRv3Wy/xqlsrWiZve2LOehikdXWX9U0yu6sY28FcVsKGgOGbkF+9L4h3A==', 1, '0001-01-01 00:00:00.000000', '2025-03-13 15:39:18.473828'),
(136, 1, 'LCOPjhkktoFyfDXO5d8cehAZpetXkjc72TSk3FIV+COCe249xMiDddOU4VRZbdO89d4/KflMb+kL5tEhJLKx7g==', 1, '0001-01-01 00:00:00.000000', '2025-03-13 15:40:14.608744'),
(137, 1, '62RvLd1PagW0Rkb9Zgc+UlVVgAT9Pf12kN+XC27rnyvjZy9qwnVRXN5njrPo+G42xx5WG1Edd9ZudQtx868TfQ==', 1, '0001-01-01 00:00:00.000000', '2025-03-13 15:41:13.031477'),
(138, 1, '8mioGRvbedzB5v6fZ//cjp5mgeITBnU6zC9gI89gaXIc7dYGEbqCuaiCdcXaVX9sFZVcIJ7pa3w5VutUMwbWiQ==', 1, '0001-01-01 00:00:00.000000', '2025-03-13 15:41:41.502433'),
(139, 1, 'p/RSNp++9yIIMoMgsHpaCTiEOndegYrEaunoKgxQSKYUvVr4EgcxrW620raoefTMAddgXGORX5ICnH9HX+6rSQ==', 1, '0001-01-01 00:00:00.000000', '2025-03-13 15:44:14.735366'),
(140, 1, 'Q7l1Iv79R/i2LPgQfqn0mEMVtFte9FdBRdi0CnRWa89V/OSF68efkWiJwaIBuQRUpguIhSpQTqItQaQuEFlU6A==', 1, '0001-01-01 00:00:00.000000', '2025-03-13 15:48:01.569597'),
(141, 1, 'vjv7uIp20X+RpzJlByMtt+vPxOfmTLvcfsvc5SaygkIVuT8b+HNyon8tQ/fWzBNYWsAcvVG15PnBNXCVzy72TA==', 1, '0001-01-01 00:00:00.000000', '2025-03-13 15:48:33.929519'),
(142, 1, 'EzVNzIqIk1XqQffOvKTIUJUneegSPgzYWRk+HprzODjdl+YhcfV5Oivx4wQ27eZtlT2iXn4A9abX9qVIKqdRGA==', 1, '0001-01-01 00:00:00.000000', '2025-03-13 15:58:55.188044'),
(143, 1, '8Pu+g5Sb7gz0zNqt/dUbbPXevJXkZEsPB1is3PZ/33fYWZGpzgvXSUor5nuMmnhq4qBeyc9XoyXJwxrcc81Ozg==', 1, '0001-01-01 00:00:00.000000', '2025-03-13 16:04:21.444398'),
(144, 1, 'wYn/n8ZiflEVifWdhHvJpAw5vrJtOAGK5rGiizMBaIysZnPWJVa2T7nUOJHb/imaaFhkpu5FNsU4ECtskVOSxg==', 1, '0001-01-01 00:00:00.000000', '2025-03-13 16:04:42.928639'),
(145, 1, 'E+tNu+94LsNCL3OjMsPV1erZovZ/1J33olJ7Pa8D/X649NV/9iTEdyzxK1XwMfvNjeO6dH7VC/53MWPAP3jcQg==', 1, '0001-01-01 00:00:00.000000', '2025-03-13 16:05:38.329986'),
(146, 1, '0VrXTgSjFdbqY3Y4/Ovk/wuNiNmfKj24zSRyANabnRFuksJEZel7qUo+um0w2y1pNx810D+NxEHO6GQAtbiUBA==', 1, '0001-01-01 00:00:00.000000', '2025-03-13 16:08:33.515918'),
(147, 1, 'v7DF9lUYe1BZ4qeew8jXHjT0hIeYRnQOLPLqI4afCWZMMTLQsE1r3sUQEwNAK/KuilDA8nNAJ2SblC6RA//wHA==', 1, '0001-01-01 00:00:00.000000', '2025-03-13 16:31:48.803015'),
(148, 1, 'pFJcS1cDLummhw6d7kGCyQ5KS5xuzLeah84gbmhv9ln9DxfU+xUYtvj3/pt7m1vhyTsVpqVrdMVQstjQ7xqjbA==', 1, '0001-01-01 00:00:00.000000', '2025-03-13 16:39:41.424314'),
(149, 1, '2Ufo+swkO8MJk8RrSRk9I7drhGwCP0IJNazRPqh94qlamlG4tdB3p91y1EHWoOsydwzgxzARfjiTIIC7G2Z9yg==', 1, '0001-01-01 00:00:00.000000', '2025-03-13 18:39:26.238537'),
(150, 1, 'beAfxQF163x8v8ApIFGCAYTd8oWbxCC5EB4lawmEWuBhhRk5h9uK0j6J8Y8of/9vb6Nvg60sa7FLy0UpCRoc5Q==', 1, '0001-01-01 00:00:00.000000', '2025-03-13 18:42:46.264797'),
(151, 1, 'PWYbJnAr4Yimdy1NH3fHi/GlucX+5ent7QOMfVE5UvdWjaOQ910hW6N1UT0RK75suXcZr4WpHfVR4/u//nRdAw==', 1, '0001-01-01 00:00:00.000000', '2025-03-13 18:44:49.385789'),
(152, 1, 'UA/BIVWNGOoKptR63k6ijirflWrnTD+BuV+2bnr47xtouOTpn+scE2vyvokRxnsyApS5gj1uIMOe0W0r4PLApQ==', 1, '0001-01-01 00:00:00.000000', '2025-03-13 18:44:57.153994'),
(153, 1, 'XsVkxZe1HntqtZvagco/xs4OxuTFC+ONMiOAP4WfrZLLb6M1Jw9CuDuujyLBxhX4BPFR1eiDk5LLGFi5FhjPLQ==', 1, '0001-01-01 00:00:00.000000', '2025-03-13 18:47:36.323172'),
(154, 1, 'IrRP5Nf9YKzVlwYhD1BrVhx4aNRJZ2EKlw5LBoxcNc6s4APX8yYF9WN4hAIv6krL+N5t38Saq3Mj0Wmv3yrIKQ==', 1, '0001-01-01 00:00:00.000000', '2025-03-13 18:49:15.924897'),
(155, 1, 'L2xJ+LfFQ/XrElcyVKdROlFAgyg+VpTYqm6iGz84AFAsuPNwYgK4AV4aHAGbjoqtzRllSdlI3hLeqZjut+Xn1A==', 1, '0001-01-01 00:00:00.000000', '2025-03-13 18:51:47.495359'),
(156, 1, 'NgoBREfCoMmTpenmr1j27U8V8HWAXDkAF2FGDRIHuP0VpNUbMv+z0wt65PvtIypVEnH77qmDg28mYHS8fCc/Aw==', 1, '0001-01-01 00:00:00.000000', '2025-03-13 18:56:16.434807'),
(157, 1, 'XHfg8XhsVAE+cxBCdM3jYFEH8Uh74XPPUsDyBqf0JutlSXG1l0/lMuZN35ynu9fTlclSga8Q7L24JFz9GafdKQ==', 1, '0001-01-01 00:00:00.000000', '2025-03-13 18:59:45.893158'),
(158, 1, 'kWnFZTGKQM1BegbLUE3gj8OgayFshCpdH+y+rqGyEQwtgPl4RkXty2xqkPng8tIcs3Yqfk2V7V7wQLk/fr4aRg==', 1, '0001-01-01 00:00:00.000000', '2025-03-13 18:59:47.741198'),
(159, 1, '2mB6VGdpRJWZWuEd0kDesRK8dwfVPH58DX1yHV5cmdoZTxLrN2YyLcO0bzSCl0u9j/bxIfC50UDfiGQuWIrcQg==', 1, '0001-01-01 00:00:00.000000', '2025-03-15 14:31:51.619270'),
(160, 1, 'rX5aY0Dbe8w2aHTtZDSunXzTBCSM1Uiy9IVhQ5DLeg/nCu3CbLbdvREUsvf7S+RtwnzfXAPwA10HXtsfjgVvOg==', 1, '0001-01-01 00:00:00.000000', '2025-03-15 14:31:59.273079'),
(161, 1, 'xC7L9pGhDnyyKrGmDto7LejRFKS5OiAdDMO75EHFDwjRhmvS0CUx2A/PRY6AQWbMG5956lztZUaD9/jJDduHlw==', 1, '0001-01-01 00:00:00.000000', '2025-03-15 14:39:06.542077'),
(162, 1, 'MZgmUiZpuseyRwN6w5MlUxZOZoKyieiuWyR1P1cFBiRYmlqsUaJuAtB/mell3syq76WPmK596B7kJ2KWYU/p9Q==', 1, '0001-01-01 00:00:00.000000', '2025-03-15 14:39:24.224741'),
(163, 1, 'cQSqJdpBYTZsquBQ6oV/7MNyBmXH+k/386FG0ntrwibQXehVrnnA4P5QY8U88SR29pNUT4sJcapD+N0fKzi7pg==', 1, '0001-01-01 00:00:00.000000', '2025-03-15 14:39:28.206108'),
(164, 1, 'vEXTxlCmB4qWsZj8sXHQD6ENprwcUHPF4FvsEploHXx1ZgLLR/QyX3oBhwte11G85Az4t63Hy+MEg95uJw2u4w==', 1, '0001-01-01 00:00:00.000000', '2025-03-15 14:39:35.211635'),
(165, 1, 'vlpWIL9t6sWV1UVRwBqTlp89ykra56WLP3ciYouyJNYsamWMphYTmf3QxJbTQ/i9qHmBFsBT69p6MrDb0IB7TQ==', 1, '0001-01-01 00:00:00.000000', '2025-03-15 14:39:39.227960'),
(166, 1, 'CRSbMSPnAB/AYKtDLHjLua96AaR6tUu4/d/L5OWvJunTYzIzStelvCC+LzrwZyPee/y+u+X6nBMatogwiCCkvg==', 1, '0001-01-01 00:00:00.000000', '2025-03-15 14:39:53.193969'),
(167, 1, 'TqmwXQzlK+zDmkmVTQVFQ7WCVpInYUa4jW0RwM6tlMAHzdGhnEHbUffEiltRTGKnJ6W/jodKyutD0hHFC5AN1w==', 1, '0001-01-01 00:00:00.000000', '2025-03-15 14:40:00.263063'),
(168, 1, 'D6useu7L1hHROicrK9XgXFUMrADcL7F2L8ZXNtS3I/9kAOuoGkTKcamxjV1XWuh0jklObnXo43NiERCAgwJT8w==', 1, '0001-01-01 00:00:00.000000', '2025-03-15 14:43:42.486646'),
(169, 1, '4YO7eNlswJkbxsVQb8saEOlyfVbKaPp1MRUzO4y6/IFCVYGvnBaJBMpFc8SQtIcxRGKJSOy7P1cccr7XduGg5g==', 1, '0001-01-01 00:00:00.000000', '2025-03-15 14:45:39.495199'),
(170, 1, 'Gits8U81hr28q49cf66w+OKX0/o9nb0LmqC93xwBtiVYlLB3uOQBIGpSCtn6B2PsB8f+XJaMAknylRSIvNnNvg==', 1, '0001-01-01 00:00:00.000000', '2025-03-15 14:51:26.636017'),
(171, 1, 'a6p0iVYlJtozYrqF7xmCrdpT4a1kroNtf+huHulCdJiqWO7ASli/pbeRa1R2I7nzYIOfEtld4YseJ+9AEZYw6w==', 1, '0001-01-01 00:00:00.000000', '2025-03-15 14:51:58.946868'),
(172, 1, 'A15oJWj1csvGEIKJJQiG4vexxWUxlcMN8/q1j12nxLx183wpVuzOozdKj4EQHjShCfEImXz+PR5QAoVoGZYwLg==', 1, '0001-01-01 00:00:00.000000', '2025-03-15 14:53:21.612263'),
(173, 1, 'pDXMvbVpKyU1aUB4PGhKD2e+BWgDIO9q5HA+zuU6lsIW+UsWLV0B5oLQQfm5wx06JC771DFkWusnT7NOU33ASg==', 1, '0001-01-01 00:00:00.000000', '2025-03-15 14:53:32.026491'),
(174, 1, 'sTHm8foLb8wCJbDus8fvZb74b7uQ5R+qiuoQY9Ee/nm+gx9wSk0P3fDJWOpOpnJw1aA5aDJ0nLGTkP/rWzyXUA==', 1, '0001-01-01 00:00:00.000000', '2025-03-15 14:53:41.912854'),
(175, 1, 'sKBeIO3okjZ7DVaEEYq8yxttux3uDCgRnXrg1jjO01WmGboYuVC3Dg0crgtLirVU6bLVhffv04ZPjc782/Rpxw==', 1, '0001-01-01 00:00:00.000000', '2025-03-15 14:56:11.832280'),
(176, 1, 'UQ6SJraoKH/5F3Db53IHNOeD3iSr4gI9Y7BYxBhmR7tqQLenmclpxsv2KDXGU1GREO8g8B580eyWBhFaVVYFnw==', 1, '0001-01-01 00:00:00.000000', '2025-03-15 14:57:00.071603'),
(177, 1, '0IV5+m5xem5ZCnHssaED3iB0dWgXdiO1QgB4bTklimneQuHZpKd/c2pJBth+AdYT9QoIcqj27pG8xdoukV98gA==', 1, '0001-01-01 00:00:00.000000', '2025-03-15 14:57:05.943882'),
(178, 1, '+4+juZ22sxyyroDZ05ydKpC1d5MFBDPkC6X7SvoVpAQWJ7UAevPROmEsmt4i3rRej79UR3Gecoz2PCIq0dpOiQ==', 1, '0001-01-01 00:00:00.000000', '2025-03-15 14:57:13.420483'),
(179, 1, 'FRFLGXYfoOAh7/mvmVwBtoAGRc7NqoQk50305gxOxsvLUHVVjEiDsDE/NE9K35MYNGvJj2Vf5YUwgH7fUgoCNA==', 1, '0001-01-01 00:00:00.000000', '2025-03-15 15:01:12.186583'),
(180, 1, 'm8QC5nC4YW3UoYQ4kSR/fBoLOjxtAqTda4GcbdDtO1gZbrTSbEXVS2xelD7Z8R7lk976QUyP/DE4fnxIkPTWUg==', 1, '0001-01-01 00:00:00.000000', '2025-03-15 15:04:58.168034'),
(181, 1, 'QccqDn9mryBzHAfUQCeEk0uc2Rt4exdveGnnx9oDxafnf5JyVz3eSbVwhpxSVBAy+GCe9brEI397h0kqIzhECQ==', 1, '0001-01-01 00:00:00.000000', '2025-03-15 15:10:32.475863'),
(182, 1, 'f3X3BJK3Tab4abINE2pwEgXOatzHJOFHv6dc5fnARUuHSGOOKQdyIZoFCdeEY10P+gzeLIkzSYOhWiCHr3yAfg==', 1, '0001-01-01 00:00:00.000000', '2025-03-15 15:10:42.180623'),
(183, 1, 'MKqNsUWqrfJj/6X2kk0RIvTro0eIZw6gJbMI9lZWI8Mx1YZzTg7/UAt5Q/i56LGkfjkCqQEOmZme0BrI7oJmog==', 1, '0001-01-01 00:00:00.000000', '2025-03-15 19:48:58.852707'),
(184, 1, 'UiJOxWY7guCqgEUJjdKZWl3O4oVHhaAbRfif5oZfmRKQOx1TzBhmOFC/x6hecQStAH8K4KQt0/aPtQgmT3moRQ==', 1, '0001-01-01 00:00:00.000000', '2025-03-15 19:55:59.448440'),
(185, 1, 'SLqEvbNMZoD0nn+YJRc425MXlazAw9x7NqQ1LdBN460hi2ttKpJN+evXSM73KYZ6BNI5Ue6tcSMjtOIVC24z5A==', 1, '0001-01-01 00:00:00.000000', '2025-03-15 19:56:01.027498'),
(186, 1, '5ZYq2chQfvuOk9I1aXWNakwoqyCshS4BEH3/hQxSula/u31udrCRwjH9C11xKk7TMCi+DIgKzY73id13EU+pbg==', 1, '0001-01-01 00:00:00.000000', '2025-03-15 19:56:29.241669'),
(187, 1, 'u5WaijQdDbIl5EI+AKvY9doLUOojkPwOpSwHro+A0+arbj5O+kUyMGV3HbOb44SWHSHuDbuDN1QVdeictDknDQ==', 1, '0001-01-01 00:00:00.000000', '2025-03-15 19:56:40.229882'),
(188, 1, 'fGq6nITZpUOtGD+FHKZ18N3SqfWQAfqo0ySH5YhA00jeYQ0AJPWFeaET/2WUr7y35LUpChicGpE8sLMnyrRogg==', 1, '0001-01-01 00:00:00.000000', '2025-03-15 19:56:49.968673'),
(189, 1, '5SRiJUDyv0lgq2i+OmCMFE/G0K7BHfumEkpV5Vzy7CAk9Gx9sCbxCdpuIGDmn7o7RWEELWQUqXZ6Bp7a29jx5Q==', 1, '0001-01-01 00:00:00.000000', '2025-03-15 19:57:22.335048'),
(190, 1, 'oysLdiAHmxzz+tQLxr5BIdI9arPwUUdLcrD6aajquVK+rOV0WOUBAj3KUKwEibJh6EN+xHUCHVlw8urQuebtyg==', 1, '0001-01-01 00:00:00.000000', '2025-03-15 19:57:24.226896'),
(191, 1, 'CyXEmC4fHs91xN70YRd/m/hO2G2nruVZJPP4Gbx2DUYfSgxhnkdJVrHXj+YFhNo22wTlBlxbCxt00IYSTkDQRA==', 1, '0001-01-01 00:00:00.000000', '2025-03-15 19:57:27.216487'),
(192, 1, 'XV44I1+ET9uRtMNB4gmy3erCDQa7g98B0pXWEMvhqj2rIea5JkUPecuNMALcZ/rCSEH2BRD4HyLFf4agjQeGYg==', 1, '0001-01-01 00:00:00.000000', '2025-03-15 19:57:38.243687'),
(193, 1, 'qLk3518WcuY3umfiVVZ49uQbzkAxP5SThhpXsm06OAd4arxku9CsmEOuicZbmQMj/PZMleogt2MBzo07n5onWA==', 1, '0001-01-01 00:00:00.000000', '2025-03-15 19:57:44.273178'),
(194, 1, 'kmjW+/nlNR0A6Lsb9eRpTMH8inwuqMWobLxqTjJS0NMy4rB/nDrGfu8lGViB25566t6AZotMs4m4QnfF+yFBzQ==', 1, '0001-01-01 00:00:00.000000', '2025-03-15 19:57:55.047673'),
(195, 1, '10VT6jAKeY6OIkcf4k2WGkh8aKBe9o88mpDV+L0EZTCp+g8zWgD+AU+/nQxFAJpkMP3GQDd+Yuf5Jm9QXJzZ+g==', 1, '0001-01-01 00:00:00.000000', '2025-03-15 19:58:12.728799'),
(196, 1, 'lJCXPVgBKj/BsDsluXOxnvM8wdDxiEC7k6+V3Upc4ilT/3jXElinrNPKMeGSC9O9u7bXI6Rf1WbN96yvjpxkbQ==', 1, '0001-01-01 00:00:00.000000', '2025-03-15 19:58:33.664529'),
(197, 1, '3iWpCs0I6U/CZm5aWQp1oGmtdi3ch6jc1uY855EyGoIyQBLMzpgIR7Iftl7wz4cwAaltGlPMqcv2IQkRHpg26g==', 1, '0001-01-01 00:00:00.000000', '2025-03-15 19:58:35.673705'),
(198, 1, 'EdrkFmOjVlUKMjY2LAO2V0n+9mdglve5XszfY61AeWtETr37gRI/hkoBsEDkOnfnW21tanXKmogijZMP4MDiCA==', 1, '0001-01-01 00:00:00.000000', '2025-03-15 19:58:37.678634'),
(199, 1, 'a7oLMM3BlamtsV4I68u3lInvIK8OBuPuGMmMEV3lXsdgjLaCho6dej2x48+D8of0RSwknbF4sbZtM0IqLsea9Q==', 1, '0001-01-01 00:00:00.000000', '2025-03-15 19:59:23.708067'),
(200, 1, 'h+r2eNDfwXLiGuFc7MPlLgguRwe1aLvQeKrqMgklASHSOrmcHMSf5KPSwNCzfwDkkbqM/MmMA84sZ7OXXXLEQA==', 1, '0001-01-01 00:00:00.000000', '2025-03-15 19:59:36.675260'),
(201, 1, '4TmoVDWUvqQGs+pKOGSIs0I6x67oqyrCdg2tz1kJH8Hu6TwhhjrM8SqwMNoPUHW2Cxop2K9uwVGRDG/Wh904yw==', 1, '0001-01-01 00:00:00.000000', '2025-03-15 19:59:40.591103'),
(202, 1, '/PXurw0RNa0qBcdqqmUmB3Mrxt+Yp1FlcW+0BufaA5r7xwBFe6luAwV2TV1Cwf8jzfcw5DhFOPPBuZz6wW2p6A==', 1, '0001-01-01 00:00:00.000000', '2025-03-15 19:59:48.923679'),
(203, 1, 'sIItaXoeXO4kiHIiILXL+wrZJZlzypp5oEUUvRDkR9htiq3h4fS8Ti5oas70LFi2dzSRSVHvSi/TeS62iPqf0Q==', 1, '0001-01-01 00:00:00.000000', '2025-03-15 20:00:09.634263'),
(204, 1, 'tyAZSaIlTKeJjm0IdDehJcw8hWoobWQDuDKP9Nnobej7cy8ZR7PeGwyLwpVD+KSOWJW6BloIqCtcqhok8T5kQw==', 1, '0001-01-01 00:00:00.000000', '2025-03-15 20:00:16.657995'),
(205, 1, '6L+4S/dwffX5nk8u3CJYx0r1ApBDpRhclEdqrauDjo/nzTkN/6dBduwSbyAN0hSSnr759Dmn032/UynVErS71A==', 1, '0001-01-01 00:00:00.000000', '2025-03-15 20:00:28.675843'),
(206, 1, 'A7wXeaIFQfWunIjCyh0qx55ncZfGU1XNaZepl65WF9y8u657nHA8bAA6iRo5Ar2zuouZsJhO2ggAhiM2Ib/LxA==', 1, '0001-01-01 00:00:00.000000', '2025-03-15 20:00:39.685271'),
(207, 1, 'f6sSWezqU81kG2emuwVTbuYkKLHJeUbjD+3olEhA+DfnxNdzxhXpqyNlNkMMNhTApiwvNoy+RCVqHQnMmdVxvA==', 1, '0001-01-01 00:00:00.000000', '2025-03-15 20:00:42.683830'),
(208, 1, '03jUNUil8i1IBBvv06l/IkXsf1/A0dUNldufdzDfyF1bO6UEHLfPMLYB82NBH7ciu6RR1Fz2J/WFpBQuI3X47w==', 1, '0001-01-01 00:00:00.000000', '2025-03-15 20:00:48.672672'),
(209, 1, 'oNnAv07saXMzgYd2d7q7H/nfMb7HGW7CRiJ6WeJrtYFS/CbpILmmWsWu0p51xJHRadb0xkbQoEhhcYLDjRm6Ug==', 1, '0001-01-01 00:00:00.000000', '2025-03-15 20:00:52.341601'),
(210, 1, 'lrabidJnPzfM6HPyqsLcw50ge2aKbXHW4Tn44VsuchzI160eqEQlX35u2Yoe8jWiqdWeWby8KjxvGQVU0wCV2Q==', 1, '0001-01-01 00:00:00.000000', '2025-03-15 20:01:03.703888'),
(211, 1, 'bpd0YXAKffINojJMr7gryYsNh+ykmg3tpAkXjfe4DLClnkyIB/dJpi8FUYpiCFT0QvNJVcMjlsC2jONplgnMAw==', 1, '0001-01-01 00:00:00.000000', '2025-03-15 20:01:15.648684'),
(212, 1, 'XZG+3Hno+KTBVzpvJ/0onysZloy9kuXEP6tyNsYgHhoHEMyJP+m7eC8XbsDLQwLYwsd9fcYGJ0/AIy3bvatbHg==', 1, '0001-01-01 00:00:00.000000', '2025-03-15 20:01:21.398991'),
(213, 1, '5KPkNCfiupMKdVi/9WtYjeWQe5P4onJ/WfmpakAyUZ4+ZZwZ9Lx1KwLDFFMDXBr3T0Pt3d2qROtodm81SJW/wQ==', 1, '0001-01-01 00:00:00.000000', '2025-03-15 20:01:41.789288'),
(214, 1, '29UPrFu1gVvZqX5GxZeFW3TNi8ghxXNG6b6QhtUkoOIFYe1vgBYZcI+8buN5SOziWieAiPdZByzpstiJFGFFQQ==', 1, '0001-01-01 00:00:00.000000', '2025-03-15 20:01:43.767151'),
(215, 1, 'i6A4ecWKzHO1gkcsymEfHlmoZg0tPu/rfPbMxfpRC5G9hzorRwA/m/Ze+NPOWZmZwbVaVLuC4tKLRz3suqTNuA==', 1, '0001-01-01 00:00:00.000000', '2025-03-15 20:01:56.650673'),
(216, 1, 'NIvp1PCQiI6pW0JTVF7YfS5EJNeHwCAgONfFAE6gCPKxQUTgck8OLvSegpKnbDezmnA2TmhSAxyLIwiVu6zsgQ==', 1, '0001-01-01 00:00:00.000000', '2025-03-15 20:02:06.608335'),
(217, 1, 'BFKoyfx5uIMakWj6e6Jagmj4xVZtr+5AMIwvVzZXClDhjXuKSr+o5xRQLiKqzxcq/2q4rUmZ2F6T54NEc8hcsA==', 1, '0001-01-01 00:00:00.000000', '2025-03-15 20:02:10.616882'),
(218, 1, 'Rapxv30y1/4g8v+ZXm8Hr9BjsP9CBGzar/VZ12+fGDWlN64Sqb86eo61siUQtNoYjp5hWAkfWU8Yg2w4+6M2YA==', 1, '0001-01-01 00:00:00.000000', '2025-03-15 20:02:14.410967'),
(219, 1, 'ybgBlKQF0PE7Fb2wVbsLfBX1w5jG7mkCEx7bJVnIsZ2EC3BKUyD9wHgeB8dvZr5qUaWeG19HuMFztYrxcRsgRQ==', 1, '0001-01-01 00:00:00.000000', '2025-03-15 20:02:22.767410'),
(220, 1, 'yKQWpvvNNa+5s2I1DBtoeOeT5BC48YZGmFtNQEqFJSdF3UaejOxpp3j2HHUmUa++/G83uWZKVP2ebkdWxmEdiw==', 1, '0001-01-01 00:00:00.000000', '2025-03-15 20:02:28.656295'),
(221, 1, 'aBKdSrKAEW48BbCJeY+Y+1xV4zyDdClnWhpMbV2gHV9SPalWi4KiegwCMEUsDhZWJXm/4oHSTXa4HgmmkiFWEA==', 1, '0001-01-01 00:00:00.000000', '2025-03-15 20:02:32.674703'),
(222, 1, 'DZqoPsBjQeb2YjqWa1AL0kqWtRsRNiPrEfEDXRxnTlTVclKiFLyY/r2PvdmbT+AQUbqtJ1y8mT05xnLXWM4AOw==', 1, '0001-01-01 00:00:00.000000', '2025-03-15 20:02:36.699074'),
(223, 1, 'ew3RLydQE/Taep1oipjlqRgKcSEMo/NV2KEQonSWKxM6Mw67cv2NIfGHdXf7WKWMTmGWE/aHz5B+M8ViBjauGw==', 1, '0001-01-01 00:00:00.000000', '2025-03-15 20:02:40.702341'),
(224, 1, 'XGd2ZrRYTZooJFZ01kHSMZDDZFj544gNBoMLLrD6rUegYI4B3l15OTUwHmhvzMeGX/OurjNhe+aNjwXDynkV0A==', 1, '0001-01-01 00:00:00.000000', '2025-03-15 20:02:50.635748'),
(225, 1, 'lSu0/kzUxdd6GpScDk+RA4+gqAIaPDU0mWuMDYNzgxl6IqI4mSM8r797ICCc9F2FrhJk5q0RzvOzKpoKK1VdkQ==', 1, '0001-01-01 00:00:00.000000', '2025-03-15 20:02:53.629937'),
(226, 1, '72dnD4nJvgxOL0KJNL46I9aGS52Ub7gQLcnG06M3lggFP9rb74GMlTpot8y3KXRew+qfZf0w1h6a7GJ5gXtxGw==', 1, '0001-01-01 00:00:00.000000', '2025-03-15 20:03:09.016155'),
(227, 1, 'cxIga1VW96mVB5lRhPhFFObQvXcLFYS6UUsjCJSFbNk5IJFjxvIHXHIAQBHq8cAKx0FHzV4SvnmFfck+CNC1Mg==', 1, '0001-01-01 00:00:00.000000', '2025-03-15 20:03:13.652451'),
(228, 1, 'ZDF/pRfNAijVHzHAAuDUEBP392BnmNHK1ByMc+4T/CGAD8+0PxL3pQijKAWvSGrChojiGLQeA81cx+TBOBkZBA==', 1, '0001-01-01 00:00:00.000000', '2025-03-15 20:03:15.686977'),
(229, 1, 'VeQYJ6lfu7cmNKgDLYA2VFfWRuLwMs6wEN4IXLjq3Br1D7itzxinQCagAjbnHjUj3nfMFAELuyDAhFruFhMxqw==', 1, '0001-01-01 00:00:00.000000', '2025-03-15 20:03:33.322395'),
(230, 1, 'RhlEm/apdLvsBdhQFkjpnw/FMfKxx/ZUwuhDHUzOgiO75zxlayZjaXcHYlQ10rCejj65DYCAtkio1Y5p8jHAsA==', 1, '0001-01-01 00:00:00.000000', '2025-03-15 20:03:50.622115'),
(231, 1, 'SbvEZj6IgxqGZrURTkszC14UMIfJqdUQMMypR9R6y0a95SVnWld6huw0Hj5LRfZY4GhM8sO3f/uqyCBF7fuhwg==', 1, '0001-01-01 00:00:00.000000', '2025-03-15 20:04:07.635954'),
(232, 1, 'FLlcl6DNoRM/i5JwSb/M1GyDPMdnNpTyqrOr3KEdhNPP2PLzFg6FUHA/+rG4KcqBnM+1TFDa/4we12QRpg/9sQ==', 1, '0001-01-01 00:00:00.000000', '2025-03-15 20:04:16.676375'),
(233, 1, 'HkOiBeiyLR+NQpJ7LoTgbZoV+WMDSJWZG9sqVcmJe8JYg/aagFamua2+6JCLvUfB11WigpjYmEE5QydIkTnhOQ==', 1, '0001-01-01 00:00:00.000000', '2025-03-15 20:04:25.731087'),
(234, 1, 'Az/ueSNc+zHl9l1fRBhWA2/FcSKxfp6gDw4QF08GTgS4QbfKiENfo0dN3Xbujpgd5ocZ/iVzH6RuitEk2oZWoQ==', 1, '0001-01-01 00:00:00.000000', '2025-03-15 20:04:35.676048'),
(235, 1, 'fCc5q7vrl1d0GM8Olp2+DXXNsvULli6UEe2ySzGiVdr1H63ccV3/wWlMUKcOa/xLk/rfuI8as4xJxOsS7InilA==', 1, '0001-01-01 00:00:00.000000', '2025-03-15 20:04:49.702606'),
(236, 1, 'eSYEnmmDWXIdoyjCIdDTTK1NIUtmqnyrFhbf8xkRkkd+kFOSjNHAyg572EoBXHFVfV/vi10FvgUpbzUfBMv6YQ==', 1, '0001-01-01 00:00:00.000000', '2025-03-15 20:04:53.637395'),
(237, 1, 'j9c3KXrSRwylX/9lMVETeVVCnIpDVeuVxJ+bFnJlsJvtjmVvda2TbLzfHJ5916zLvXVYce1CY0skXvt4x4Y6/A==', 1, '0001-01-01 00:00:00.000000', '2025-03-15 20:05:01.437257'),
(238, 1, 'zVcuU1t3j1vOi4uj3eV6FQdbrdmAPbofvvlPz/j4PwsguOI9jlZ4WB5ibJaSIKxIWQOSDo8zgIuuVuzMCr39gw==', 1, '0001-01-01 00:00:00.000000', '2025-03-15 20:05:06.441300'),
(239, 1, 'hlbEFLsqKEFhveXWDVGuKNn2V0m73ylau5MUpu7+erS9pHXDojGj8m4nWxMPSvFwF8LqWZFsVlCD0U16VrOSrQ==', 1, '0001-01-01 00:00:00.000000', '2025-03-15 20:22:17.532969'),
(240, 1, 'gEXY5UA647wbwI9ijZjm3Br9s/CBPI+J0/u0ZfKLCWu+iLJ62X9nRYEE4MG4dYtlFrRj7osTLpjqUUgglxc4tw==', 1, '0001-01-01 00:00:00.000000', '2025-03-15 20:22:26.842356'),
(241, 1, 'Pb8wyd71RPc6Ee4/ml9VAdaoHAzQ62XaIDAN7m8YHubFr2EkCxBopRfgKQYPQDt0rdg+YXE3eBDLO+8vvwyUcg==', 1, '0001-01-01 00:00:00.000000', '2025-03-15 20:22:33.697428'),
(242, 1, 'guPgofTfSGTX0MNz4whrAVFSCaKWg0zewoOBSbKOYV73ZbH4fb2ef68dRqOptpIoId4cqpKzBoRa3BBaGDJUjQ==', 1, '0001-01-01 00:00:00.000000', '2025-03-15 20:29:01.063710'),
(243, 1, 'kaTJBa3OITOpyyH2gGLN62J0QeGmN1JTZmnegJ0a5yLMoM4H9vrFJOvnULjKGbsL6c+zTR0Y1UuGL4is7COt0Q==', 1, '0001-01-01 00:00:00.000000', '2025-03-15 20:31:13.025473'),
(244, 1, 'NGAQmUkOyuHvofzyeM18jz72Kkm3ZHrt6Bq/s8A5s4svIBc6rOS9mf+KFOUk6M1mc+jqwHLlRaF7G4jhJ5Ap8w==', 1, '0001-01-01 00:00:00.000000', '2025-03-15 20:37:14.014612'),
(245, 1, 'hXj86p+/Y0PTPmwkoHC3zf+awdLPOrcj8pwMR4S5P/1pEHAKvUFVbbau5uCwaIifHadZDSYddwLztKaZAx0LNA==', 1, '0001-01-01 00:00:00.000000', '2025-03-15 20:46:24.625609'),
(246, 1, 'SRsFfYIcdNemIpQ6uQKqM3GcYAsCA54NU+Jjy6M3M+HvJwUlXJ2/83PQ/IoelGeEuiw1JM7My27kdy7yEnZApA==', 1, '0001-01-01 00:00:00.000000', '2025-03-15 20:46:27.851570'),
(247, 1, '9dSK7L04CzUYFoRQ0h3CDxTHJ3fZLJBXeptKmcSoeQWStRfy0qM+ZCbCA1BJ98dx6Punli64Yo8HF3TCSwQwvA==', 1, '0001-01-01 00:00:00.000000', '2025-03-15 20:57:48.067391'),
(248, 1, 'RzD4ZQm3hT2vrpsZQwyMNlouYsJW/PAsfskDm6Hb2hfZKJfBJ1SGVWkEJu+HVSo0pKwO93JM5fezjID8VV0MDA==', 1, '0001-01-01 00:00:00.000000', '2025-03-15 21:07:26.126486'),
(249, 1, 'FOlQj+dcaW79J8WwtPcI2s1E6528snTPStlv2/6yVLCx8CJgLAnrigD1+oyS3G/x0VgMXG7Fzv+kjVsN+dQybQ==', 1, '0001-01-01 00:00:00.000000', '2025-03-15 21:08:28.466311'),
(250, 1, 'HIhWjm5DLpd0y25rIkeHhI6JyV08VJwxSRgCbNabItdkzt34NM4Md7Gn7k6Ozysl503ZzFFGkVKI+jtlNeQjPQ==', 1, '0001-01-01 00:00:00.000000', '2025-03-15 21:13:08.904798'),
(251, 1, 'YEReACwTckPVjFHVoLTnVEc0SVUWCrFOxSO481MJDPNNpEERlKPc+cUGDhH2xrkVdfyoWI0OWhEsb9Ux9IpMFg==', 1, '0001-01-01 00:00:00.000000', '2025-03-15 21:43:29.087799'),
(252, 1, 'd1lb2BLE5UeFaTfz3wie21TWfU/P9WiotOxYtplEDntERWMgj+PDYTT7jHSs5rb5A2Ntddzr+DkM0Pj897c56A==', 1, '0001-01-01 00:00:00.000000', '2025-03-15 21:47:26.019014'),
(253, 1, 'EofIe7H7ZDKzIzWAZLikF/o+81qTosQRwiS2liYgN6rJHhWLJXaFAhKLhR0xhKJto4RFCFsUNHToJ0SIIWst6g==', 1, '0001-01-01 00:00:00.000000', '2025-03-15 21:55:03.813811'),
(254, 1, 'cqN3QF0ViSb4Pr6ZwG45YD1TepWpUDtYYWkHHi4j0+QTg9nVJwUKKmGQzasm71gjuNH3ksNUiMuwrmxwLWd0PA==', 1, '0001-01-01 00:00:00.000000', '2025-03-15 21:55:10.864856'),
(255, 1, 'UjQuCQlZWAzDoPZ/4xG4q9zAdncwRF025tfsd0lh0wB78QvOZCbXAGr8RZPizCwSwTFi8hbqGidOYMGxGXAmGA==', 1, '0001-01-01 00:00:00.000000', '2025-03-15 21:55:21.810277'),
(256, 1, 'N++EoWHuvN5EEBqYnVlV0uPMKL69tTHn/rMtcXYOtRMkj7btFEDWby8ENX7F5upJ2+iI01hr0xciHG9KZQDrRA==', 1, '0001-01-01 00:00:00.000000', '2025-03-16 01:30:26.458925'),
(257, 1, 'OLEr/Qc3HjVPt+SURO67w2mW+c5L3QZvJuPGiXF+cGU0eFJk+uY9+BczYj/I5ZLmB+r95OOZMG7AefNp4TipiQ==', 1, '0001-01-01 00:00:00.000000', '2025-03-16 01:33:57.918302'),
(258, 1, '4YFrHMrWq+bRctgtIXOXE2zEmw15nYvOn9cgSyKG+BH9CflUOLY+uQ/uHzcZY5+qJX0FLsuQgk09PlruWvETsg==', 1, '0001-01-01 00:00:00.000000', '2025-03-16 01:47:05.439766'),
(259, 1, 'AbrJRbpWxiwlP2NY1l+stTxvgLH4rWiDKf67rjI6M/uh7FqEynPNTqlTdwSmZgxJ2xTOuVUMFGxhbId3Wz4ipQ==', 1, '0001-01-01 00:00:00.000000', '2025-03-16 01:47:33.187825'),
(260, 1, 'UvpXMP9ObpZkpRMFIUhcZKf4ngzqQ0wW0em45RW/KEA8SGbzFi0M9W2mvEPR9kLSA8K/jX7BXw4KRlOm8ECkOA==', 1, '0001-01-01 00:00:00.000000', '2025-03-16 01:47:37.914828'),
(261, 1, 'hX2anF/e4WmHu6rvJ43xyjWYOuCheEllYYix9cQRPyyHIv/TkBomDdBTWOfxW+4oLJWpeXXemd6QFvw/czSRPA==', 1, '0001-01-01 00:00:00.000000', '2025-03-16 01:50:28.724963'),
(262, 1, 'wQO0XRx+InJ1NuYDfv7nc2r6Dg6Qe3tjdH/ALPRKAHrQCRRaXTB2JweFWh93jCvda3LwX+WtabvEnzL/FopZhQ==', 1, '0001-01-01 00:00:00.000000', '2025-03-16 01:51:03.634858'),
(263, 1, 'w0dL1sQomqQjB+SAVN0VWmGcEdkD05zP9a3qeYtaEe4GfA5rRTEh6r0sw1kVk00nAeXJZOUKfWadbGfkCq4qfg==', 1, '0001-01-01 00:00:00.000000', '2025-03-16 01:51:11.498408'),
(264, 1, 'CDAG/UKV1NZNMBjCjYP5vicrbx//7YW7kS29s1lqzqQEXXI3J8KHQBXWRgXGLlaZoztD0ffHsgCStve8LXYJyA==', 1, '0001-01-01 00:00:00.000000', '2025-03-16 01:55:42.653771'),
(265, 1, 'M7QtSa4dlo6KOE1tnEeAFb/9IAbdUxmjxJMkmD+EkcgZO1mwUQe0US9AJQcw9WeYIpvv8Ju5nHVFHpMGCb0xrw==', 1, '0001-01-01 00:00:00.000000', '2025-03-16 02:25:25.166110'),
(266, 1, '8GR6CAZDha2UJrk2juiTWdTYefR92ZSxZPSeq45dZDLXpZhcz6KEDKAWLvk6vOwV+JCdinvmHHC86TAc0QZ2iw==', 1, '0001-01-01 00:00:00.000000', '2025-03-16 02:26:10.256427'),
(267, 1, 'E1U4wOpv7UL+bBjyY5/rRzAdcHnr5Xr9AArbcC5KE2q8IT9woe4knpyrMzQwm1yHgxlHmJ3QqKcQpfMaOfjQYQ==', 1, '0001-01-01 00:00:00.000000', '2025-03-16 02:28:27.210467'),
(268, 1, 'lOp45c2qKC7o3xvgNs+vFwKdXgTDSUHfkv6hajDLvRg8vcr3DAxn217LAmhS0GIqlO3xX4+pA3SKvbtSdoq9LQ==', 1, '0001-01-01 00:00:00.000000', '2025-03-16 02:30:20.821923'),
(269, 1, 'pwZLG3Is5ZGEahNxYRqjdJXd+c2+GUXAWLian4/Hud7nxddXfIeFN8tMtMwTMTSZNmNL0+TCgxn4+xnhxuCJfw==', 1, '0001-01-01 00:00:00.000000', '2025-03-16 02:32:02.096784'),
(270, 1, 'lXCMU2tE29V59P/Wv5yXGmy6i9SFViqMgAd8QsN0HCDO3GOTY5vQE7lEyPguklNCfgdargqlGxOSLcqjRyC91w==', 1, '0001-01-01 00:00:00.000000', '2025-03-16 02:34:19.228835'),
(271, 1, 'SSjDwGKlA7NoIgerb1g0eEA0i9vDxFXN0hQPefI4m+d/KUlxAfygBiKv7e1DB8aCWd/Jic0LvVAqRWpP8o9MnQ==', 1, '0001-01-01 00:00:00.000000', '2025-03-16 02:34:30.200285'),
(272, 1, 'DpcU1gP6uIR53NJE0lqHsDsIzaC9Fonp+X0SyEHclNmVoArn0/yzWVn1wdn4hozrWiBv9vPsz9+YYDA61uRODw==', 1, '0001-01-01 00:00:00.000000', '2025-03-16 02:34:49.314285'),
(273, 1, 'ZmwHGQXbDLZMONnziYdjpTy/pEPGAxdWwSrKs7Jw36dEyu498WGFWpxkGUCqZQzhJkGuCuHvoXgJ8KGjUNy44Q==', 1, '0001-01-01 00:00:00.000000', '2025-03-16 02:34:58.236812'),
(274, 1, 'T+WxnKKl97dXko2cRRvq25pW9U8T1DoRZvPYzSvqsjol60sc1ub+dv0uyjyLpomDSg9xOTcOXg94OXmeYgL8+A==', 1, '0001-01-01 00:00:00.000000', '2025-03-16 02:38:36.108086'),
(275, 1, 'pJvevwCi8rl8eK4C6z29F13uf022dRdzFXRPxYR2cRkcIMqgaaPSlPK0CxDSCjRh5yoam2yqSryZCinWkjRftQ==', 1, '0001-01-01 00:00:00.000000', '2025-03-16 02:38:41.440281'),
(276, 1, 'P5lieup81RIpapO4aMoDc90unAp+2QI6tMpuGqUUX4zwv7OA3OdbDq33gZhQ5G1TT2Sf8RrNxiTSQq7+XVBEWw==', 1, '0001-01-01 00:00:00.000000', '2025-03-16 02:39:33.819298'),
(277, 1, '7BaB33+02x1vuXI1Fvt3Hp3lndBnk1ycVSWsKFSads04K44g2yDCtlFf973utcRcSx7QxNzkZvG+MexxqcmPYA==', 1, '0001-01-01 00:00:00.000000', '2025-03-16 02:41:05.108926'),
(278, 1, '4kQ/M+IbXaf1n01/VAUTtK62NNwkZKnDc3QthXgKgjzYDZT/TGhL3w1VXq46L2r8ehJqD0KeX3KDq4RHukK/rw==', 1, '0001-01-01 00:00:00.000000', '2025-03-16 02:42:58.023333'),
(279, 1, 'mvN/TA4mSduDAWuQOtchG0Eg05zdsGKwPMPxYyx1APL1Af+sAQuVzoaVg5oubeXh6XMDfmgm3oZ7mjNFi8QkrQ==', 1, '0001-01-01 00:00:00.000000', '2025-03-16 02:45:48.508748'),
(280, 1, 'mBeXtipZLIsUFNrQG5fX0a+S9uHchz/asavk6LzJDkOCotMTc7EQPy7O+vi32Cc/BoRIuH2tLPlFmbN/wVMRGg==', 1, '0001-01-01 00:00:00.000000', '2025-03-16 02:45:58.077751'),
(281, 1, 'v7F5rxXeovdVdeMv5yICSL4V9TDblk27Xfog8OsGm0XG0iBFezsfND2874RYoeK2kpGrCrpaX8c87ANsYtMkhg==', 1, '0001-01-01 00:00:00.000000', '2025-03-16 02:49:04.279135'),
(282, 1, '0q1PfPpYGu6+/FWeFbn9vpraPjc75iMa9miDiWRajbNS4Ev4TUmzdu+BVYM3bfMJjsn4jcx+U5rtLTZ2sKBwvQ==', 1, '0001-01-01 00:00:00.000000', '2025-03-16 02:49:22.818246'),
(283, 1, 'vXqVBghQwRQU38MOWdlitLPQV79aKHEY0bnqzSkuQq7X+UzzihIK+pXGAdMTVfGtX44S5LwSWoMXYnkwgUmqog==', 1, '0001-01-01 00:00:00.000000', '2025-03-16 02:50:11.849195'),
(284, 1, 'OM0YqBVJBS1TepLA9sr1w/A2ySfD2YzsXyvCG/9gKvgtUPvPzXEfAFlVHA2VfYvys2nK8xfvu29YGd/SA1tx6w==', 1, '0001-01-01 00:00:00.000000', '2025-03-16 02:51:11.454791'),
(285, 1, 'lRNIOiUwerM19h9z84AIpeXiGmFy2eCL04kinowke7el2V8EGB/84NYtdj6V+pJE3wr2nxuNZ3WToXOYgMG6og==', 1, '0001-01-01 00:00:00.000000', '2025-03-16 02:51:35.738967'),
(286, 1, 'Q+GY8p/oIMSR2yOhSfb6A+S6AvpjWdZXNZOVx4n0IyRv0B6+l25bCD0QFJ9rB1RuxD96jFnu7ygJ5EHZS47hXQ==', 1, '0001-01-01 00:00:00.000000', '2025-03-16 02:52:07.770422'),
(287, 1, 'o0WQ0jlxPpYghBO3cHxqoPS7tnz2RYyh6pA+jQbigWLqjc8UFGR3et+gFF+nsnYUnmxgLU7aMkXCLD6DbLpcJA==', 1, '0001-01-01 00:00:00.000000', '2025-03-16 02:52:45.720926'),
(288, 1, 'DNAnFw8Oj2CdlXtNz9UHmVwCoAzYoPHpWP/yZMkaYsfyyU0i6mqHKO8qIi3gxkzpjTP7DYa81607ApRS68GMDA==', 1, '0001-01-01 00:00:00.000000', '2025-03-16 02:53:22.459017'),
(289, 1, 'SFjmeTU9sDMgs+RfXc4nI/JYrW5DhTt5dlVJXet9X6IbdVuSigLseYVxrz5s/RyGGbBPgd+Vtb1LwXj63JKk/A==', 1, '0001-01-01 00:00:00.000000', '2025-03-16 02:56:35.812764'),
(290, 1, '0Vlajwm5NtJHOCLpAq9xvk443ojdS4V8SbIClWqN0Ri+2T1YAfHfV+JwubZORqVXp9O4Jcjeng6Cz6I5nJ0Lxg==', 1, '0001-01-01 00:00:00.000000', '2025-03-16 03:01:07.562331'),
(291, 1, 't84lfmtlMcF7JuZZKOyThidW2oXu71LJ3dEnC3oUVJgfESqi1BFBzRxFEeT1vkDsj2RAW14+CxPX0JbKB3403g==', 1, '0001-01-01 00:00:00.000000', '2025-03-16 03:04:17.372970'),
(292, 1, 'OfU2Lev80AJ/uQL8E3UlzDD0I9Zuv3qac6IT54r1qxMJTs8RHBFL3PB0Xj1ggoVagMZTe9EChEJWHf93mOCMIg==', 1, '0001-01-01 00:00:00.000000', '2025-03-16 03:04:51.473042'),
(293, 1, 'PTBInFqbwv9nP3OShjYcP+RYoWsyf8f0nx92FVbg6hw1CahooYGna5jhECu0PxDyAQ9ngwkpd6WLl7xCRmMNkw==', 1, '0001-01-01 00:00:00.000000', '2025-03-16 03:05:42.563610'),
(294, 1, 'ZdphuGqKnePPmonm9VifC8mY3CsMDSSIefG39MKmha9uWw8slzoR1fgwpFVGQO2bOI9bQRcaPIV4TyVDxqCiNA==', 1, '0001-01-01 00:00:00.000000', '2025-03-16 03:06:29.459758'),
(295, 1, 'ZPM6vVivs1IuQ/Cxpfcx0rSN9Q2lUxGC5lfeWFZ3PJHhmVMmfwgl2NF8YptOTWYNQ7gmcVS0YsrFcDuBijny8Q==', 1, '0001-01-01 00:00:00.000000', '2025-03-16 03:07:18.012719'),
(296, 1, 'LIOLBoOrw0FdUwLboyl/+6jQ+86e8yPKobu4DmhMK1FAxIFiFuHxTp5YHjAgWzKxncUbbpSy1hONYx0pJmmckw==', 1, '0001-01-01 00:00:00.000000', '2025-03-16 03:07:31.019958'),
(297, 1, 'WPapSRVwVCREx+tACeNyakFr6dJbP2gZuQ++y+y8fXkpWBcFKbir1qY+x2R2WlwtfIJt0eGWs+KabTkaMqSDVA==', 1, '0001-01-01 00:00:00.000000', '2025-03-16 03:07:48.020491'),
(298, 1, 'qgpcloOU3z6KQrsInHPbwcsgeR4Xi/KPE9ntq++06vpLT5o5aIVJJwEULVngyBw8QYwo6k29RqyhUVLSlmQpwQ==', 1, '0001-01-01 00:00:00.000000', '2025-03-16 03:08:06.066458'),
(299, 1, 'QKI3GSR0jWynCgmyGseLn6iD1gyFNw0dOoI8ZwIj1tGWMl8Ra/B9dxvqT/59h2s6LmrCavQyTGLGl0gBC2xeVg==', 1, '0001-01-01 00:00:00.000000', '2025-03-16 03:08:58.034596'),
(300, 1, 'jefCYYaN9doy9uHSWuQL9IeiD1ePVbOYaafKbDY9kExJpR4+hqxkC6DocAIdV7Noc3YPDlyF7FdUJWoDramDGg==', 1, '0001-01-01 00:00:00.000000', '2025-03-16 03:09:17.528910'),
(301, 1, 'asfFTcdU5cyPa9umF9eDm5Ww9fT4lAO200NBgBke/OP4IC6pji5jJWjI9fLLTm+MzSzWHe8yS7iUra/u1BlTjA==', 1, '0001-01-01 00:00:00.000000', '2025-03-16 03:09:30.445063'),
(302, 1, 'Rb/z3InWRFmk2Iobagievct7C3Tk3GgcsdMkkB9m6/cO1WlIewDo65uosY05p2acoyyiNIrAZO4Kf7+Mb2QvJA==', 1, '0001-01-01 00:00:00.000000', '2025-03-16 03:10:04.186815'),
(303, 1, 'ndaA3ovU2AHEys4i7YvkjpeUDvmwbz/RlX0C4P9bvVAtyDZAz2WXa+UuZzTEcF/Eu42KvicA1ilAv9Z/RJkWyQ==', 1, '0001-01-01 00:00:00.000000', '2025-03-16 03:10:42.299748'),
(304, 1, 'XaHkmyP0z6tnkhNLskW4Fm6VM0OuKR+ZEDdDHvcXjPRSoQeQe//ZARpRAULN7S/pavi4MQHWpcjgjL0tzVJjSw==', 1, '0001-01-01 00:00:00.000000', '2025-03-16 03:11:15.343245'),
(305, 1, 'vy0ZC27X86zTlUuoOCB97m2uvLwnqAUGS6DY4L6MVIiW8rj103/aVHDVR1ZULOKK79YFwhddMgl3J03ehc0tBQ==', 1, '0001-01-01 00:00:00.000000', '2025-03-16 03:12:56.654233'),
(306, 1, '+df4wWj2DhbWVbHtInpX9DBbVxWU7T3k5sT2ErbkhuMz+/AKPw5P9kmh6V14ry5HvGDcVfYRneyO7xBhhW1few==', 1, '0001-01-01 00:00:00.000000', '2025-03-16 03:17:52.775052'),
(307, 1, 'Sz+OOpd7EG6yqfqjRHpX9LmaisQTciIbi+Y0cMBoW0NkhgeMmdfj7XGYC+k6GnoI/mXKIown6B6adX58NY7HnQ==', 1, '0001-01-01 00:00:00.000000', '2025-03-16 03:18:03.674175'),
(308, 1, 'BW4WSLoYJ+A8NSeRM2hivyie+k7gV3pgGHTy1+N/MVQiU7twVO/D8fbD0FlqxDqLqCe1s2TGq+1kDLHeIyo2Mw==', 1, '0001-01-01 00:00:00.000000', '2025-03-16 03:18:33.234182'),
(309, 1, 'Ed1LXzL+CfRIJ3V4SJi/Hd9cG/6UE15JuGG57QZoVC4wT6334miWoKH16365poLCy+wN7rlW9eElGnayaSDL6A==', 1, '0001-01-01 00:00:00.000000', '2025-03-16 03:19:14.612343'),
(310, 1, 'AlU6yNVhGadYET9lpgabpxdxFHF9fvv0DoP3YeRp2UqN27cCJ0s4cFWkcyjX7CGvIlxYr7a7A2M/QhWqDlO/Ag==', 1, '0001-01-01 00:00:00.000000', '2025-03-16 03:19:23.960644'),
(311, 1, '7wPiEiY+/dgSTRbOCMTvioMZw57xR7HZ4CyllMW/vM+873HFyrNd7+kV55GEJStm6mVTtgaEnCWQtEmGHyLpUg==', 1, '0001-01-01 00:00:00.000000', '2025-03-16 03:19:33.134344'),
(312, 1, 'VNn9ZarAcZ97vj7zIWXTqbpbv7czFrkICGR4ivYc2uil7x5gwtGbtF2ciznxeAzbG0jpAb5tTwApAG53gwzJYA==', 1, '0001-01-01 00:00:00.000000', '2025-03-16 03:20:40.179803'),
(313, 1, 'xojy0yCuxEGlgecftEMv+4Mw0ZVvqGX7lGHVd3j32M5TyoHIV8jz2YOIN8AEJWx5PFMhAE27mFveja2uulLTSg==', 1, '0001-01-01 00:00:00.000000', '2025-03-16 03:20:54.517750'),
(314, 1, 'ih53BR39Y1cmgz2u9gXKsnCJQw5VSfegm9dPQnSel2WZ6kgmjLzG+tSLSwj/OfPSq5GpeMzMLOuUGLuo/R/uTQ==', 1, '0001-01-01 00:00:00.000000', '2025-03-16 03:21:41.082079'),
(315, 1, 'rCNBr69s3mvlZpiB/k17r3KBlWKQptsQWGhE0NAQY6kccaZNo3XmoQDw4dxg7bKavx9gXi5qlvVf0GDJNI3jLg==', 1, '0001-01-01 00:00:00.000000', '2025-03-16 03:22:04.792460'),
(316, 1, 'odjIw6+V8IVeb4CkFmQLk5xRvD68U/yIzpcG1bJqcktspYM3og4RtbkkTxBCAlOZfC3waN/TMkCgTGjXyHwTMw==', 1, '0001-01-01 00:00:00.000000', '2025-03-16 03:22:12.032739'),
(317, 1, 'vke1V+Dq5fC9sf3aFMd7CLUQwA3cL+xN+HEI8uCVm/XTQJJqpWBtvm+TSa2RnnBTZ3X4ipVPXpmSaCd+uQmvRA==', 1, '0001-01-01 00:00:00.000000', '2025-03-16 03:24:04.269368'),
(318, 1, 'bwPxK/3J1iNWywpc6XuUXPBUjV8A3QXvQrcRcmgYEM6dp/fk1VfFIbMAZFb3KJ3xaaXcxxMMjVdkww76kBKhLQ==', 1, '0001-01-01 00:00:00.000000', '2025-03-16 03:25:49.561949'),
(319, 1, 'NKEgWH2NgqbPUSlph/Wu42JlGtFO324WucBZaXBN+7qy7cdUOWaczBKtotXArXJ8wjbWSqmPbIztuXNuszzw4w==', 1, '0001-01-01 00:00:00.000000', '2025-03-16 03:26:05.853158'),
(320, 1, 'IGb6ygPcFhKigM7nwBjq1CNK6J92/FuRSwEaNbf8l8YJkaMKE2joFFR53TjwWvCVqSUfNT8o6NxeJONsGOAQvg==', 1, '0001-01-01 00:00:00.000000', '2025-03-16 03:30:56.816577'),
(321, 1, '4E957mUtT4CH+BN3/zuQE4yORdp9qa5nZpt0G0WkSro9sJdR4Wf9NLIjQMQUX7tLR9PUQmQ86yfACTiewoXr2A==', 1, '0001-01-01 00:00:00.000000', '2025-03-16 03:32:14.030390'),
(322, 1, 'WawEMI+86hr8KhPeZbGoIl6SOl4r/LyxaiLxjQ9+8al4CdMlu9bgTwAd2lQT5jD49r5YnGNMa9BGBErTA3C4dg==', 1, '0001-01-01 00:00:00.000000', '2025-03-16 03:33:12.046447'),
(323, 1, 'a1m6gMf33nWUtH6jzhMsVv3tCsiW7T+iAnAw9zAM7Tr2bqtSorNkZ8VZz6rvbAa+aYyPE9oJpk+bLsoW08u2GQ==', 1, '0001-01-01 00:00:00.000000', '2025-03-16 03:34:01.958658'),
(324, 1, 'GfvwMcbOVGHiHBvuFczwmEgHyeiHwjUrwzilk/Lshd/AdCyJVhdfgwyFvKF+MFROmhXEcOWin/Xw3a7bQcY21g==', 1, '0001-01-01 00:00:00.000000', '2025-03-16 03:34:52.979181'),
(325, 1, 'ea15+XCzsNqUVS2kTXpojBoy9BHozNe5gJRRJx7R8/f6PB6HpfVDc7kinl/hnepeuSNARijj7n0jeV7arsGVvQ==', 1, '0001-01-01 00:00:00.000000', '2025-03-16 03:34:56.916725'),
(326, 1, '6RCKgb0j9KkSWzlOaAMeWg8CkNjV3PRtTvhUz2rWZvlymczrOup5+RxWSCX74VuFhzivBm00A2OWhC1EPiGLpQ==', 1, '0001-01-01 00:00:00.000000', '2025-03-16 03:35:41.215477'),
(327, 1, 'gikU4LSikGwEmO8P1FCDK280rTsdfaJlsvvLRAbqPf1edsVY0T03vozGo2a0VKEnGCtwxUJWba8jppWCJIqQmg==', 1, '0001-01-01 00:00:00.000000', '2025-03-16 03:36:33.418748'),
(328, 1, '8Jdpi2eolazMNRJ+d59yRwR4hHkez6bSag65MBhZozCBJ2A0eCRVJcLisVh0Aut43F8ZLpUtvLhdU0B4hgJ0Ng==', 1, '0001-01-01 00:00:00.000000', '2025-03-16 03:36:37.400094'),
(329, 1, 'JO4YIRZo9eTs76SQu5CbhgAdZJDaH0Z2QvB/Dm193KyDjlnacCHCRbH5bebkpCjC0Qz8Ehx4yy7w2ge+8R0qiQ==', 1, '0001-01-01 00:00:00.000000', '2025-03-16 03:38:48.016002'),
(330, 1, 'UlxJpeNFvxgSpcMHjatHlAFvRg/dDNlf3fDDmIf9v1xPaWIWLSp4bCyw/TWEDM/CUm/adznObefKdjdmXuGedw==', 1, '0001-01-01 00:00:00.000000', '2025-03-16 03:39:29.705092'),
(331, 1, 'en7h9ypJK45iAic4lV98i1f1iaFA2yTJKYVE048MTI4Vr/l9VgKaYUrDwx+v9bLlMuhAi/3G8007uYOfIDgfrA==', 1, '0001-01-01 00:00:00.000000', '2025-03-16 03:39:30.717168'),
(332, 1, 'wao+fsIAFlcROVbZj4gQqi/AuTlt6FZdABy88r5dw1KuBmYYfpCEQ9t37+k2c4FRf3veqjgO1l/aJjJ8UNK3fw==', 1, '0001-01-01 00:00:00.000000', '2025-03-16 03:39:41.866451'),
(333, 1, 'HSOOS6q47X27Q76Lp+imdSIKauC1dmzLenUznrOxEcPLoOcm4Cq2sIyDVPkcBUGUMRFhZUPDqw526OSFO6Jkdw==', 1, '0001-01-01 00:00:00.000000', '2025-03-16 03:40:35.100436'),
(334, 1, '8J6XPj/CT/KgTGhFd/emUSmXfgIhi1zdjvVUGq5SDm/cFFPcod10sGaAJ6d3bsgtnOoQiK5/1BSJHAYX1OjPfw==', 1, '0001-01-01 00:00:00.000000', '2025-03-16 03:40:42.526180'),
(335, 1, '0Vs8srw5H0OwKwOTHzQFkpd1z5LdFMvcix0ZjSFQR8xQtSPsA5I86rOpvzac0Y3+LsUMsViKWnbUtqgDQUrR2Q==', 1, '0001-01-01 00:00:00.000000', '2025-03-16 03:43:31.067386'),
(336, 1, 'WisIzSoqHlaW2sxdW4MJNKsp7zHxhz6EZnZWn0HwZHLREZPP1QIecHRgqXDUtjb0G91V6tyj+0AcvrPNA5RPBw==', 1, '0001-01-01 00:00:00.000000', '2025-03-16 03:43:49.044188'),
(337, 1, 'lrJahEcyEmhSrGUdpElORam6advhlCnL6afX0ufwyJ0cLLRfzetXpbWaBm6QNx2EY0Z1NTrUyizuf1QJ0NCf4w==', 1, '0001-01-01 00:00:00.000000', '2025-03-16 03:43:51.368681'),
(338, 1, 'VSvPnXG8EBWzv6a3dpryMEKqQAP27ZcLsXkSv9K36lSDCxYgliD6J5UNcBbTRunW/nUSKSqqF8Rk8tOeHLISag==', 1, '0001-01-01 00:00:00.000000', '2025-03-16 03:44:01.051845'),
(339, 1, 'KMb0r6haT5G84CMio5P3TBdTUysM0Gg/E6RVS8sQSIHidp5zf/WShGsRekSTXOn8ipAQE3kRIX176fdkPGKPMA==', 1, '0001-01-01 00:00:00.000000', '2025-03-16 03:44:10.522885'),
(340, 1, 'pd3VO/+eXIZiqyItYHAYMqMiukXaRt0HJJGUx/sdPk6+/K9xDT9iuYkg3gyzi6naFThwN/UO0e+UFGT8ZOgcRw==', 1, '0001-01-01 00:00:00.000000', '2025-03-16 03:44:36.209357'),
(341, 1, '93bOMDa5FTDZw4Pz61oKVA+5QG7ju1PZ6Bzb5bGSi+rISwmZWfkbUf0owckltsxbcEA3rfBxsdV5xEmULrASrQ==', 1, '0001-01-01 00:00:00.000000', '2025-03-16 03:44:45.332050'),
(342, 1, 'iOS08MpGfOabR6Bd8p5DrK/ihISpgwb+d5lC6CVmyDLTRAYHwjk8htSP2/TlrNP6BjQafR5uO7bmyyRqFRwfHg==', 1, '0001-01-01 00:00:00.000000', '2025-03-16 03:47:17.285121');
INSERT INTO `RefreshTokens` (`Id`, `UserId`, `Token`, `IsExpired`, `CreatedAt`, `ExpiresAt`) VALUES
(343, 1, 'p7yU9ltLKW/4LDTY8ZzSqLncuMouewgiDVGEBthd3kpRQlNFXIL49ZIOlvl2AXUl0lNLWOQuBbYEcoKKcfugQg==', 1, '0001-01-01 00:00:00.000000', '2025-03-16 03:47:28.312272'),
(344, 1, 'v+fmYuz7OQUVc39TyO2d3HOA2Oz6KXzaAEZ/vxyNgT11iJQVkJitNV8gWf2AoqX/DAcJdskH9q9p/pavJoefGg==', 1, '0001-01-01 00:00:00.000000', '2025-03-16 03:47:30.332621'),
(345, 1, 'P2npXheJp7crrY7/T6lyBLrTpKJZFgzT9LfpJ22N7owBU0NE04wBQHjKeK3YkBdNj0SGj7lt9+x26W/iZD2R4g==', 1, '0001-01-01 00:00:00.000000', '2025-03-16 03:49:36.107430'),
(346, 1, 'VbOwv3WD80dXRhjcuJDl5D6gC2w9Veln8ClMcYot2buGa7WQtrDKtvOHmEFLp9RXX24+lPwbcN92bbV+hWzHrA==', 1, '0001-01-01 00:00:00.000000', '2025-03-16 03:49:53.966040'),
(347, 1, 'alypKGqjRIWRNs4MeDlrLPPm11fjFuy/7sKbq9Ke8P+f2+xrj0o3moeLZchFO0lOYbL83/q+Z916n2aZUXXo1w==', 1, '0001-01-01 00:00:00.000000', '2025-03-16 03:52:52.821167'),
(348, 1, 'Qk0BtCaaoNbbPmfVDWP0VwzreA7KXcGCu8SSgWeul32FI2sD1b1+gHaR0WcIDFAMVTZcFsiLmQh/6YAyY8fodA==', 1, '0001-01-01 00:00:00.000000', '2025-03-16 03:52:56.937769'),
(349, 1, 'DBWqyCuhGL6GyKYimWiPoQEk/BUIAoxhrY3X4WWDHQQJ56ISg0r+pFulXnwL0fKL3T/95psC3jG9f0Od6h4Srw==', 1, '0001-01-01 00:00:00.000000', '2025-03-16 03:53:38.015663'),
(350, 1, '31vMd5z7bsiSP3Im4QlmyI3xVX1/mdXwL3HCRBuD2vVjnjDXN57AdfmLGJAKCOSwc3BYDo+mzTHhapsCXqXXHg==', 1, '0001-01-01 00:00:00.000000', '2025-03-16 03:55:06.022280'),
(351, 1, 'YdpetscytpIW3hS4w9TN+2WzItw/mB3zNyPclBxVCuunaNAE0UXqOn700pLHAfAf027iTA0O5S6NVM/bQV/vaA==', 1, '0001-01-01 00:00:00.000000', '2025-03-16 03:56:16.171877'),
(352, 1, 'K4withtekt8lKZ5gXzy2MqK0nb6iJReaYIqKNGw5EAJV744nt4oLOjqbMNp4DAM9NKSuuUwdwfFPUjpihH7zTQ==', 1, '0001-01-01 00:00:00.000000', '2025-03-16 03:56:41.790394'),
(353, 1, 'sb8sOrWbVm185emPMe6LcDfpZYhDFPDBhDZOuE7g6PvVDRrwGi9mV9MJnsK8Iv0eIGrLu1Q2YCVkviEzPww9Vw==', 1, '0001-01-01 00:00:00.000000', '2025-03-16 03:57:03.251349'),
(354, 1, 'O6e4C6edZVoc61gjZ/TQj9WqYKoWW30JLVE5/SDscFnPMWxsJIOIZG2Re6gR6nbHqwwkQZ3jXIKenaQ+2yIxiQ==', 1, '0001-01-01 00:00:00.000000', '2025-03-16 03:58:14.412082'),
(355, 1, 'vAHmEHChtGRaLtyWosy82nIMTS+NCwK2uh64v6uARks1vwT3KOOgKOd4ZNNF955vOR4kB7q6u9emZu2hGrCTRg==', 1, '0001-01-01 00:00:00.000000', '2025-03-16 03:58:40.230375'),
(356, 1, 'oLjbWpF1L8d/PDXDotqJGGck8mARefhLPpwSjYg1sALXgOfQOowIjshM3b5X0XpIR/WeI2cMKtQmpA3mrJ9dFg==', 1, '0001-01-01 00:00:00.000000', '2025-03-16 03:59:44.510573'),
(357, 1, 'OQqHHqtq2IxyrBdP9HZaMi9Q5AQULPiaJj77KA8MKdKScpIQRD3vjzB2UX0ll6H2rltOeaOpSJ5hMzor1Z8qnw==', 1, '0001-01-01 00:00:00.000000', '2025-03-16 04:01:47.013159'),
(358, 1, '0uw8UirG6IQ5vlATzB5W3EQZPzAkgt9Bn0bNKA4r2t7oy7sKID689QKoABxGv+MhcdwFCXWfvdnkSsl6do1T/A==', 1, '0001-01-01 00:00:00.000000', '2025-03-16 04:02:14.828634'),
(359, 1, 'C5R/p+SxXQMeB1s8HiG/NLPWmCb275TegJY/x4VhVgU9UaDTJr+wNgXggvJmRWjWsNf4TRmsAc0Uw9VNF4WXdw==', 1, '0001-01-01 00:00:00.000000', '2025-03-16 04:02:16.564620'),
(360, 1, 'DjaKjhoNOJoadRpYGga9ElbnUd7T/Np9mZT9BFdH50irHSiBMVhqNh81/Zls/G8PJibGLc/cphsXECbEoBh2Fw==', 1, '0001-01-01 00:00:00.000000', '2025-03-16 04:02:41.519336'),
(361, 1, 'DG3/AgAIU9nQhaPL10SHgqPSTuvjhnacIKfdXqbKzYSMOMq4TW6r6Hwm4Y+fm/UHtEOu9p2WYFmTaC1+yvUvrA==', 1, '0001-01-01 00:00:00.000000', '2025-03-16 04:04:20.039096'),
(362, 1, 'yhV5qOkCqYUdMz9V89kfkIb13oFKmKcfloUUctftmWzFIW9JN82haP2UY4TboGQ1U6qGq6n+wzXbHiFkr+WBoQ==', 1, '0001-01-01 00:00:00.000000', '2025-03-16 04:06:31.515320'),
(363, 1, '5efCRgLHnhL+SUDabYlAItAPeASG1WcfEvWNnDLIYH2IoOFwwGAPS6pEsgdovMeuXTBn2+RpfLDVMilcz7dVeg==', 1, '0001-01-01 00:00:00.000000', '2025-03-16 04:07:37.924385'),
(364, 1, 'SGe+ojtZBs/tv1gBMOL/kJSxSUgSlKjHUdqkKwzHuFcHtCq8igSm8/z6Xf41c9cBwOj6ShjsUfV3GRXfDWjbCg==', 1, '0001-01-01 00:00:00.000000', '2025-03-16 04:07:44.796912'),
(365, 1, 'yBOHHJ6TDaXSaxbGkrI4bH/+ehpTB16UOGlCqunFNo+is8FYA8EVL3VwMZRbkKz1ePGu7mruaenKaU1+8jOWEA==', 1, '0001-01-01 00:00:00.000000', '2025-03-16 04:07:48.440697'),
(366, 1, '2HV3kAdf9ri1sMUDBWaLcg7gXra0ArIycz+Q9E42m7kNS8E7kvOluCd3LZkY8o3yVGrrHnv541fmjpWJinE8Gw==', 1, '0001-01-01 00:00:00.000000', '2025-03-16 04:07:55.181980'),
(367, 1, 'rwBwVvmd6xiyQhK6HvEHG6v+KWfSARjOjZgQANOR13AalPLbrruNwSIERkt0UCZc3mXEMxcmNENfKabTDxGxmg==', 1, '0001-01-01 00:00:00.000000', '2025-03-16 04:08:09.164358'),
(368, 1, 'krkt/0EumHGh68EPKWQXYkCuLyHokSv9p8ysq8zk41K1p+rh18VF6UMLJs2KUsIE9DxWAc8SYEQ7kILa1OuvCg==', 1, '0001-01-01 00:00:00.000000', '2025-03-16 04:08:27.861307'),
(369, 1, 'Vasj8o9oROSgwEfIpjdqnl79aJYPDCguiUNSglsuBz3X61DS/4/Kmnak5elWTaJwzYEO52c3JcLVCPBtiFtM9A==', 1, '0001-01-01 00:00:00.000000', '2025-03-16 04:08:34.712621'),
(370, 1, 'ifuwlYyxrzJQWk0EREtAD12GsmmkeM1djquo+7Tkf/LHluNPB9+DlSugBdNCGeDysbfs6GgpDm/FFaP4TpsFoA==', 1, '0001-01-01 00:00:00.000000', '2025-03-16 04:08:44.811386'),
(371, 1, 'A5pe/qiBNCeTuRw/6MUv/iazz5i3ELHjaokuc7txVHfARjpuUy2a76CuKcZI3A+lcNp5j8zPHPtf5vha5bgfhg==', 1, '0001-01-01 00:00:00.000000', '2025-03-16 04:09:03.294218'),
(372, 1, 'Kv4p9KYesj0P56x1i3fK7sdUoCvpopkgrT3XyntIo8yQS6PDqLMSNjTjhuiRrBl/7Tfk5XM5FzRZB1ytAW08GQ==', 1, '0001-01-01 00:00:00.000000', '2025-03-16 04:09:59.387361'),
(373, 1, 'pdU9xdf/rlqQtJy5v0FJQtWuNyTf4gzWjaxSk06AjrPioeKgwI30Ah3Vo/1JEpqwg3tuAb78rtr3kK/9puZLwA==', 1, '0001-01-01 00:00:00.000000', '2025-03-16 04:10:31.850276'),
(374, 1, 'WNXXPvbYiTrNXVZo1Nr5zsbkpFYPqp+8cb5pK/RDXc7tIao7zYte57AvUGAroakaJeTEOCZfS8bgUaV14S4uPg==', 1, '0001-01-01 00:00:00.000000', '2025-03-16 04:10:42.362331'),
(375, 1, 'Zcuh71FkoC6q8bD15QwvLR68gVMRfu9Z0q5rsOW9Yu6twY8aODarnNBZ7ifoD34H0ffk3dI0EVvQZ0ypyen5Qg==', 1, '0001-01-01 00:00:00.000000', '2025-03-16 04:12:30.386422'),
(376, 1, '9iu9GThOMC5zgsQwKpJLzSK8diDUaVpnrh9uJnKYLh3GSlLICZkIT4AnhzE2Zl7urMLJaU59ZQOML1g9YsJeKQ==', 1, '0001-01-01 00:00:00.000000', '2025-03-16 04:12:46.526579'),
(377, 1, 'ji1/jG1awWS39+/R6BVySnwKUG9Oup5O+UzKzQGxKHmR4y/TX3NcV59MtNY0cympB7IW5Z2UFr6UGBJUvh7tHQ==', 1, '0001-01-01 00:00:00.000000', '2025-03-16 04:12:52.080421'),
(378, 1, '2oFRQoZA1CD2wljecl9TF2ZLHelPXHC68DkSJMsMn6M1gSJdkLMfeJ1l08agyYmwISB1zm3kSBX1KHVjixG1yw==', 1, '0001-01-01 00:00:00.000000', '2025-03-16 04:13:46.921992'),
(379, 1, 'MBQVYHWogu39CpduSAFcpUOCfL/Je5fbAQD2676WovVXyISZLUDcEdjpxKBvBbhO39esq3F9WfMzKAOH6DTSWg==', 1, '0001-01-01 00:00:00.000000', '2025-03-16 04:13:55.811282'),
(380, 1, '+dvoNUZCkXZSXqnEYThSs7bADCARa6OrRiUg4Z5N/58eTxbv4KLVTc++UnFIU2EomJ+tr7e5RU9Orn8sUJeDCQ==', 1, '0001-01-01 00:00:00.000000', '2025-03-16 04:15:25.201072'),
(381, 1, 'L1EhHM7GaP1O+5SDLw96yMYxPuZl6Dt6ffvA69cV9GFgPS7P64a77zSwJq1WSSXhg9sPR0IwZ0r8wmQv7JhEGg==', 1, '0001-01-01 00:00:00.000000', '2025-03-16 04:19:55.587403'),
(382, 1, 'LIWdD5b8KmHVC8YbvH7XxCt1CxN0Ajxeon4Zg73Qdpd2004bzQ/DLNK2Ug4lpLadEDHUs9KlGF8SK2Q4I4//Qg==', 1, '0001-01-01 00:00:00.000000', '2025-03-16 04:19:58.240639'),
(383, 1, 'aWUlpmin+pPpAnZmhprLFGZkqfCSprpldM3cPr0WL6hh7R1RFw29yC/0Ix/kKaBM/69A2d/QmK8J/l7hEPRQIQ==', 1, '0001-01-01 00:00:00.000000', '2025-03-16 04:20:15.626300'),
(384, 1, 'iEiWiDk2oQKy+rTBTRQuXw03l/rR6HOezd2+Gmh9bZkD+JJ9bHbTsphDkArvudhwfexxoDE9AH7bNnUyh2a2wQ==', 1, '0001-01-01 00:00:00.000000', '2025-03-16 04:20:36.768835'),
(385, 1, 'Um9BkFifbskTTkoMGLQadC8yvJtdRv4hPIjv6qZ/aZieBm+5RRbNRELo6gcoBqkIbIGYNF5WP3Y9g1dRaegjMw==', 1, '0001-01-01 00:00:00.000000', '2025-03-16 04:21:31.129136'),
(386, 1, 'Fn9Aq8qaxNDSae7VAX7/jaPVTk7iHcpO+z3WizSHzhY/b0u736kVlm9qmGhMzIVVPmDMzBkJ6zI+qHU571VdFQ==', 1, '0001-01-01 00:00:00.000000', '2025-03-16 04:25:18.804582'),
(387, 1, 'VxFajZlrDFRyx2w7jGnw9iw77hOOdFSSxgqm8eIvqlaCeoC4/OsFfD0la6McP3KRYXO7ziyOy50m6SdjkX+3AQ==', 1, '0001-01-01 00:00:00.000000', '2025-03-16 04:26:33.419861'),
(388, 1, 'vTYPp48n9fiHVjUR5anwlg4Td+ty/urFt8h9j0zGI3q38LU4akncRJjJ7tSEe1RbeZINKZSSs8XvrXBYbddhQQ==', 1, '0001-01-01 00:00:00.000000', '2025-03-16 04:26:38.530066'),
(389, 1, 'OyyDtXsFspFAjjQvO9cMJwYjtFmrKEXsVZh9IQvUP8gOVhX0WKcHw2nsUh2JO1hZDKJaoOTJMe8A/WSLz/tGQQ==', 1, '0001-01-01 00:00:00.000000', '2025-03-16 04:27:07.070147'),
(390, 1, 'sxSTCF/KgmvtPdue1pC8ZfXp3RZb8nFAZ2qwPfgZhJah+3Pm3/DwRPKH4xJUCf0FvAm4muAmpfyDy/8GkoaQrg==', 1, '0001-01-01 00:00:00.000000', '2025-03-16 04:27:11.349829'),
(391, 1, '0E5f4rcjXKAhUre5ceqE26Vzi6yO5F5KIHkijRzKLT0j+qehHgmQUC6IoaVqexjZz3rbzGcYJHV0QFqThsIevg==', 1, '0001-01-01 00:00:00.000000', '2025-03-16 04:31:17.679363'),
(392, 1, '0MfYp1i3bw9GVLtbYeEfazJRRCTf7Ne0gJyKkkCKZaq5VpChKW70/q6mtQgAZ2DDiRpvf98ajz+TlubD10zxVQ==', 1, '0001-01-01 00:00:00.000000', '2025-03-16 04:33:13.000549'),
(393, 1, 'lpDfrk8/Dxdfhk8LJff4djYASe2mANcCLQ1F1QTWZL7e5JKn7eSFlkTRVX+wKMYZiGpO/45Ldjsz/wDJGi6WKQ==', 1, '0001-01-01 00:00:00.000000', '2025-03-16 04:33:18.014388'),
(394, 1, 'Nd8FGyBZ0HViXmsiv+SMzfYFZcO78sKe0elY8nzQa/k6kZcdXvIL0cGVkUqFqcgKEfdGIg1p7wshv6BrHm4ziw==', 1, '0001-01-01 00:00:00.000000', '2025-03-16 04:40:36.307075');
INSERT INTO `RefreshTokens` (`Id`, `UserId`, `Token`, `IsExpired`, `CreatedAt`, `ExpiresAt`) VALUES
(395, 1, 'V6+BfcIYgPGl4gSXgt+AI9BGfdaqlXHSjivBU+EluDzn4ejB54aj989pzLpBNxLK81HqIUsDsgiTQ71NUpdoiA==', 1, '0001-01-01 00:00:00.000000', '2025-03-16 04:41:26.444081'),
(396, 1, 'YaLQ5SoCSoF7EQ7HVSnA7kDgRL1ar36nIwd0O3Y0kByexnzUU1/Rpi2mhIEAPA5T86MDcTgLduknE8FSza+b9Q==', 1, '0001-01-01 00:00:00.000000', '2025-03-16 04:41:33.470498'),
(397, 1, 'w+0tphlOq1OeDQIokr7hH9jZWIMJVxbSE6auDnv5xOr52LOdWu1rp5K8iczR2YlYKrI84PJ9gLBWIWTe6zylbw==', 1, '0001-01-01 00:00:00.000000', '2025-03-16 04:42:23.849502'),
(398, 1, '0LJok6XTLh95bql/BQ5AX6TIQKq8us+WEiatSw6KpR0tn6ptaPQr76rPeEoqsXzjeMT2L8MCyEn68jb2vfEfpg==', 1, '0001-01-01 00:00:00.000000', '2025-03-16 04:43:02.018693'),
(399, 1, '0luPWfUZnuhipfmjy/UknXoVN+PilwVoNQGdKm8zEPTKKWG9iXNjjO86K/WGnsfO2b1yRs7H9m8cfv3qFa3alQ==', 1, '0001-01-01 00:00:00.000000', '2025-03-16 05:07:32.033812'),
(400, 1, 'YdkBomS2mqno8PiX7pu/kRqBIVmImc1anWxujXN1VB5SCzBMfqz0RarcrWc4+R5WWptpXYIiqX+FffrTYKaZBw==', 1, '0001-01-01 00:00:00.000000', '2025-03-16 05:29:41.021867'),
(401, 1, 'ekm9f1uXv6tBkEqml5dLtqbR7kN1dDh7LgkAZ7Xq0a63T/ld0Q6my+nvSU6+/1c6rBuFrO75pIBZlM0Z9sInrw==', 1, '0001-01-01 00:00:00.000000', '2025-03-16 05:30:30.504151'),
(402, 1, 'FJqXr8ANyqkx6BUOFprpL7GiTUJT6+oUeLqCbQ0Vj2Q/P9VC63ee25yVy7PVI22bdEwZmoqa1IpYhEeol+5FZA==', 1, '0001-01-01 00:00:00.000000', '2025-03-16 14:59:24.387584'),
(403, 1, 'qh0zYnjNybBc6BQAYa2gQy+2+e0ocSh3yWY8T8eziGYAkaQjZ5ov+kdf2gcHpjwQZyecNK5el21D1WYzQc9Gyg==', 1, '0001-01-01 00:00:00.000000', '2025-03-16 15:01:22.069074'),
(404, 1, 'wTEAx9dAi7bWnbzyoCZSTZMwPPI2n/dapwZD0U+Txe5uxT6qWpaDehxL9NZqrPmnVFKuKf2pmT2dnEqNyl7P3Q==', 1, '0001-01-01 00:00:00.000000', '2025-03-16 15:01:28.893761'),
(405, 1, 'Hxl+juzPNcmwnzRWuojHfNolNEVJB5RP5PBZB9dJ0YQxJLpcdeyzWjDrIBXvzNYU3JUNZ7TgH4iARLL5XkmYZw==', 1, '0001-01-01 00:00:00.000000', '2025-03-16 15:04:23.737258'),
(406, 1, 'DYmUzQ7kr9lzYxB2xoOROSOYiToIXfaDSByllWI/iwP1ugcfDAiUMy4PCzC9mGVe4QDcbZ/3eQmlelT0kDEo9A==', 1, '0001-01-01 00:00:00.000000', '2025-03-16 15:04:45.327540'),
(407, 1, 'LM+hhIsaanjwxjh7orr59ECq4G5myGuupx6sX3OsfF3QIsDl/VO+y6pnQsgncVUrbmpBzR3wNA6TreBwkW66MQ==', 1, '0001-01-01 00:00:00.000000', '2025-03-16 18:22:24.062887'),
(408, 1, 'Jp1ifCq0vC2y9Dl7x6A5uN8rPyW/swSKXjlpb3VLYROfEX7Uwey/qiJBfU4IWoKqxSL11nre1RV3gUehZE7iuQ==', 1, '0001-01-01 00:00:00.000000', '2025-03-16 18:24:12.152793'),
(409, 1, '3Be/ghddb1DBmTgZd35EMkd7hx27wIKnBUIswvB/wwcfEDgEIV0xfVhkoiG48gvaJ2FWCU1Rc4Wpx1UpDYubzg==', 1, '0001-01-01 00:00:00.000000', '2025-03-16 18:35:06.192575'),
(410, 1, 'VWL9YcbAlggBGN+iPNcp/lnMO/Ay8lEM1zEsrEobpqO8B3iEDtJ+QTLhEgPiYvRenP8qXyg6Fi6AakTdFMEopQ==', 1, '0001-01-01 00:00:00.000000', '2025-03-16 18:41:49.679016'),
(411, 1, 'UN+ZpBwVy2lU8wO4fzrwIFrdAKUZRxlmPPLhV0+fZVqDByc1ipUMgRQIoPatYVSiDWy4YpDFZIb7dldJM92ShQ==', 1, '0001-01-01 00:00:00.000000', '2025-03-16 18:42:18.657599'),
(412, 1, '+noIuS9PUEexTuEIxXVZ8nxq74gMfVhjQwNfbidwiTGEJWw24ppVOU2E7vQvSDXp+dWGo33ITdvyfyVCTwf/6A==', 1, '0001-01-01 00:00:00.000000', '2025-03-16 18:46:41.131083'),
(413, 1, 'r/RqQ70lWEt8vLm9BVEzRp+/FFxOSpSmNNXHgpELQ5sCn2LEZhe6yuvLLT/7BlV3Y1PgZVdNxzFk9mcHuz+CKw==', 1, '0001-01-01 00:00:00.000000', '2025-03-16 18:46:45.128875'),
(414, 1, 'SKWt3WosvCFw9tdbDVLrWY8qH3Zp/bG+iLUX5EbR5QLAKJ+YeJGnmJ7h2AuNWwzoGJ9OlxX5GUKfbYdrHTozug==', 1, '0001-01-01 00:00:00.000000', '2025-03-16 18:46:48.122700'),
(415, 1, 'ulNsX8116nuH9CCSeZT43SLH+nrawuJkZIWMyrxQGTuBxG7bhYU3nzC+E17dimwipQwW4byrZZR5hQLEqlpO8Q==', 1, '0001-01-01 00:00:00.000000', '2025-03-16 18:53:38.341582'),
(416, 1, 'pFSTt3+tgSFHOOz5ORQgLaSnTLVtKrYd5o8kN5+ynqVQy6CxyTUfDy6ySgaz9xNYWPP65gXwoj2vS24v/AgMSg==', 1, '0001-01-01 00:00:00.000000', '2025-03-16 18:57:04.138268'),
(417, 1, 'WFnQP0MFrnSJ4z2NmwnZZsPCbibzXqZdmBDktL/sgZAtszqBgH2RWXzUVHtx9KYv1J2+ZJq6Bffb+/VhiP3rYw==', 1, '0001-01-01 00:00:00.000000', '2025-03-16 18:57:53.698195'),
(418, 1, 'ojmTQf9SAI0vvn9OOOTa0kugCOneWYXnIqssYdubakJGWbZKPO6aLfW8it/uKO1o32bYoJwR4laBowyIEwwyoQ==', 1, '0001-01-01 00:00:00.000000', '2025-03-16 18:58:35.128945'),
(419, 1, '6JAOvi0VmV3+CrNKhaAdZjusAhppRlweJpXFP8zxhZ5eDXDSiYBD7LXxGdoVZXvi/cc7vGSTDdfBSCOd0xHmrg==', 1, '0001-01-01 00:00:00.000000', '2025-03-16 18:59:55.000741'),
(420, 1, 'nnuBJZcYNRUNw750Yyyb9lWpc5CknBwfNAs8kAeBQ2+kKSUEWjyuhy75RDEKuxrKf2pZgVTrf2gSB8W58h0lDg==', 1, '0001-01-01 00:00:00.000000', '2025-03-16 19:00:35.735549'),
(421, 1, 'J9HsuU0w0AVqvdt96KwAOPDOPulOv4G1yjmq2db0AXtdcmQ9uKxUxf6cei6dc891avGKvTzPTQAh9CGLtzER/w==', 1, '0001-01-01 00:00:00.000000', '2025-03-16 19:14:33.787627'),
(422, 1, 'ebF6v9c0vUAIpniS6Dq8IiwFVPuGQtX4OQEIrSoIs80t4TLPtr1MVICR0ddBbe2E8YhbrzHhKEeoI8PX/89QKA==', 1, '0001-01-01 00:00:00.000000', '2025-03-16 19:14:49.880785'),
(423, 1, 'hq+7S42W1p3WvsI+rd+wPT+PAWZCjiYmHKPI04VzgYnJNOubURsCmbvjCv6eARCJttfdv7sVC0XAXrk33o8gmQ==', 1, '0001-01-01 00:00:00.000000', '2025-03-16 19:17:41.518496'),
(424, 1, '6IQYoXc2TTPzdZGZNBjhaRf8Sy2j1G3PlQllr1SaRCb+T3CGX8tgndyBCFuje3S8Uve9DIbdvEkffe7Gem524w==', 1, '0001-01-01 00:00:00.000000', '2025-03-16 19:17:52.767570'),
(425, 1, 'lZauJjbmGrm5X4LqCsN/rhCq/HyvJoV+yRVHU+iOHxa6Sck7RSabgQVM/EhhxC+qqZmH8f39zg/gVAbty6yiag==', 1, '0001-01-01 00:00:00.000000', '2025-03-16 19:18:06.175565'),
(426, 1, 'osJc5URF/ZVHPvGLjX+O2+mn8e+fmM2kgiD63sd6NA0tlRKQjpZzHUxoN49W8M62b5Wm2/NRCTsBKkuCa+JH+A==', 1, '0001-01-01 00:00:00.000000', '2025-03-16 19:18:51.353861'),
(427, 1, 'Ysl3A/sd0J4kH0KjMSKTbzB2fLTiZP5t2B+hFWQyvcf+w+jsDM3sz9+2QeWIoVfgFRhqlvwvVyGIq1qrjtLkaw==', 1, '0001-01-01 00:00:00.000000', '2025-03-16 19:18:54.992935'),
(428, 1, 'bnbDzPnuFKj4szzZSmmB2I2EmPmD/Bc3Sa2UbyNBlP2VCkojyOJKM0slTz6i/5JK03xlZfgUqPlHIKi/I+monw==', 1, '0001-01-01 00:00:00.000000', '2025-03-16 19:19:16.153363'),
(429, 1, '29/XoMJdY115MJS3xpcj8wqVJyh7W6+FfMzAF9jbEwbdZlwrTXtNdcMwCkhh7hLdSDXmx/6BNpzi1ZJ1X+qYVA==', 1, '0001-01-01 00:00:00.000000', '2025-03-16 19:20:53.140007'),
(430, 1, '+/GOHWjAvn1LZv+JdcQ6RX3Ty8VG4YkF/mAfDXYXEmDe3reAy7A5sUkfnxaT81tJZTX2qC+ukzIq7f6C4s40Xw==', 1, '0001-01-01 00:00:00.000000', '2025-03-16 19:20:58.182981'),
(431, 1, 'RvxG267ULqM3h8Fuq03Tf8v0YkYAE6PVVEU4NcqmjZOqBxlT4LWDEt7DDWoOQpX65JvDPWxYKRAVY81pz+3AFQ==', 1, '0001-01-01 00:00:00.000000', '2025-03-16 19:21:01.746373'),
(432, 1, '5uq1Z19CR9XrEoSm3JHOyLwz/wvnbrGSD2ye7FoP/0Z4v/HRPV9BKWqUTB/992YxDH3dwWVSQdo3cuEx55UYfw==', 1, '0001-01-01 00:00:00.000000', '2025-03-16 19:21:08.083831'),
(433, 1, 'd8LDwVQ8xeLZ7aigb+m5ApcKq3US6Wl+fhkCjlb/NZGJk2NzhrF4e057KwEnM/ifcQOIa/CkcrqVOHaBorWr3g==', 1, '0001-01-01 00:00:00.000000', '2025-03-16 19:21:25.839231'),
(434, 1, 'YjXYcTb5MyUy7CiE/ZRLaKB3irta+vpaWGSUsIxuRAMWG43a9Z7WkaxQmkrFw0igjdX2kCp5tofcdxNGReb1XQ==', 1, '0001-01-01 00:00:00.000000', '2025-03-16 19:23:12.785793'),
(435, 1, 'wQ9XB4i3x4bIp7D2efVlvnOyLGKrd1L7Ec9Fu22TGBYLZLvK37bKceQV8tydD02KQHg/xObyJQkzvIC+/tFLzQ==', 1, '0001-01-01 00:00:00.000000', '2025-03-16 19:24:22.727540'),
(436, 1, 'Tc8onQudvAtNtQhKigwvJEAqmgWVG70oY96u5j8NZ3UVilhpFyfei39Y7pVCoIXb9OiF7la/M6VmmtwViV8tOA==', 1, '0001-01-01 00:00:00.000000', '2025-03-16 19:24:40.558688'),
(437, 1, 'B42SdJxOe2lvwtQZwe2eTGWTn7PxF3kby58MSRu5e9S8KnIbyABxsjPgu4FzBJzWxDSIRh5dYkRLIxrvsnUk+g==', 1, '0001-01-01 00:00:00.000000', '2025-03-16 19:26:37.658503'),
(438, 1, 'ceqGmXY6TpPsx8x0g2x/GbI69/llT0Lsi7lDanwejGEuGoagyGyBY3GF5j588S6N3CE9s8SvL3wj/yFBdMsguQ==', 1, '0001-01-01 00:00:00.000000', '2025-03-16 19:27:13.155102'),
(439, 1, 'BrqgHxGaZfncKrdSKGVYZRvm4Jp42Yc/mymUdCtA4LwLMufbbZWEriqXcsOzJKyVA/KghJweBMM2bQkwEPX6xg==', 1, '0001-01-01 00:00:00.000000', '2025-03-16 19:28:55.807417'),
(440, 1, '0Cv+5fueIxBKjmOmgQfZhZ3aaPDuHF97mruPG/wgk4duRus5sRMTR2+SIVwGdOW+kF7htPKpwC+AoEamdY8H6Q==', 1, '0001-01-01 00:00:00.000000', '2025-03-16 19:29:05.233579'),
(441, 1, '0/CtTalMpgzH4YtIpDsTmfBk8ItZogF9u3BMJHDxjPr35F7uOoHzfdk4ri4WkrYrfn/+LtdqKOrw9XnGEgXtkg==', 1, '0001-01-01 00:00:00.000000', '2025-03-16 19:29:14.533844'),
(442, 1, 'Bl9kpqbcLc2/YsCPssdvgTYRXJyhwPNcnmPzXQC08Zcv7c3R1T7LK6RNSVD6lDrWQ9l2mi6cUv2nH4OFfIzVgg==', 1, '0001-01-01 00:00:00.000000', '2025-03-16 19:35:36.642291'),
(443, 1, 'v2W76BNPnLvVpIes/qP34KZeMjUegbPbqEp6rIuIgFt59GBwSeC1Vz7BQoV6Out81WsW05t6Xg1nK/h7wWf1ag==', 1, '0001-01-01 00:00:00.000000', '2025-03-16 19:35:43.689567'),
(444, 1, '2vuhANl2uvSkm0DU4e2PNZuLt5gtzHAL/3BE3hiJdZqbQEhN6NfQy5gHdAHZiL+zrP5YnRhMO/SXP9DOhEPiow==', 1, '0001-01-01 00:00:00.000000', '2025-03-16 19:36:06.398338'),
(445, 1, '9yM3idYlfI5cSnRW/NMxSePehIqo4u9sWqr07G0hJurq4O8cLD8WMSJnCAoFz9gG0D0g1xphs231JSuKhFZ0wQ==', 1, '0001-01-01 00:00:00.000000', '2025-03-16 19:38:28.556739'),
(446, 1, 'n7zNYFcpsrjo9BUnvRHWMceonIpoYFNWxLoJGQvy30WqDC9t05nKK5en86EIDl7XGxWV2xBDgF7q1YMEHAwqzQ==', 1, '0001-01-01 00:00:00.000000', '2025-03-16 19:39:00.978607'),
(447, 1, '2Sj9Llox5U6NiQMhf7z0ugMxpvbeFBgJgFjNnlXdZM4YmMI6mloe7wvWI9tGUz5KSJ+Ay5XwkhnO/+WQ94piag==', 1, '0001-01-01 00:00:00.000000', '2025-03-16 19:40:13.581496'),
(448, 1, 'Hc9nfDUzUaGMUjL+WuBZlv759YWc/zA6FDR16agQFUwQchHKXyh+gOCJKn8AR7NjhTTp080h6EVwszBDgcsuZg==', 1, '0001-01-01 00:00:00.000000', '2025-03-16 19:40:20.261502'),
(449, 1, 'NmE5C68D+XNELTcF2zQGrHPMKqjnbkS8jWa04hqckNVBZPf7pJdhVfUSb6sf5XH6S7tUeRKvAm2yh4yo84gerQ==', 1, '0001-01-01 00:00:00.000000', '2025-03-16 19:40:45.138145'),
(450, 1, '34pIlRx7V2hJQdUGcb8YfgtMm1PWtKLryh32Jf5nes73S2xc6fQYvM4kj+s9jupUTTrft3z0rsXpPPP+p57vRA==', 1, '0001-01-01 00:00:00.000000', '2025-03-16 19:41:09.129442'),
(451, 1, '35splYjZ0TFU3w3FAak0qBLhdog7oeMWHq7xekW/g8l9eQqcaoYOPZcCoOI9uif2BQvdSIj4v5RH+HhvemklGQ==', 1, '0001-01-01 00:00:00.000000', '2025-03-16 19:41:15.131096'),
(452, 1, 'r/xL++Y6hDmsRcNPLzO4MBvjK0nrS1qdV8mvjW83spPYOIzwtSdkuYGd/UR9iov78KRc5P/wVnGK7gm1kmNLTA==', 1, '0001-01-01 00:00:00.000000', '2025-03-16 19:41:19.126483'),
(453, 1, 'pX+mUi/ndPJ0N0msQb8eaVEUJImLRoiEz/TuLuZYaeQVTxweh0h2Ve8Is+EEBO7paCsW5el7StsGlk5UGWcb0Q==', 1, '0001-01-01 00:00:00.000000', '2025-03-16 19:41:22.341959'),
(454, 1, 'KnWKgAEpJLueiPgCzxB+M3R2uWnNJ9kGpp7O1Jz+/rl/JsTXJQd8i+H38vXEvO7IyC9Jh20G1x34yGI0ZMCixg==', 1, '0001-01-01 00:00:00.000000', '2025-03-16 19:41:24.017412'),
(455, 1, 'jKbjPVNbOVHt6R76DK8BsuyDPeCQrOGZ843/hUF36wvkQOc+F+2UjCejHRp6cSuGzMKLMK89cmH0w67b6hJK/Q==', 1, '0001-01-01 00:00:00.000000', '2025-03-16 19:42:04.153120'),
(456, 1, '0OMsur93ZdWQrHC3U94Q/G/ULgMpXu1c3UY0K83xN/fhRMOBkP8d74Iwhc6Wse0KfSHezObIMswdJbj2CiPBjg==', 1, '0001-01-01 00:00:00.000000', '2025-03-16 19:42:54.233717'),
(457, 1, 'FLIM+0O58YEd4v9K862JxtKida7KkVyTx+kTQhqmD2aY0OoEGwzjWWVp2QpRhhpY5lLYlKWl0Ju2j7/VbyjRew==', 1, '0001-01-01 00:00:00.000000', '2025-03-16 19:42:56.972114'),
(458, 1, 'RdWtJW2+PcE5Vj3l7zogNnivb+OU8rs7mm7NYshKtPh+SFYWguCWaVLsX98maBAgEAT4vObTfGSuSgFxPpmzag==', 1, '0001-01-01 00:00:00.000000', '2025-03-16 19:43:06.900362'),
(459, 1, 'ouwhk1qcAzvyQI1H/b8H7GouwtHpzzO5SNdKdX45NOCtLCqyh71kXebJ5BBmVdWjghQV3KPcSjhPm2VAZl3oNg==', 1, '0001-01-01 00:00:00.000000', '2025-03-16 19:43:08.532023'),
(460, 1, 'tSdfDiR19PegJKqtJs8V8F+2K7jZiqndXSb8NSkSOy0XBFS4aIX+R0DALsRjwkQG2zm91tXue9pPZ3hxXqYZ7A==', 1, '0001-01-01 00:00:00.000000', '2025-03-16 19:49:13.198645'),
(461, 1, 'tRim52KMpYByqfv4BwMQ0OBYWWJvfCbYGS90IuG/K89OcCw/kGEA/Yv+xxs5OnFy5fMGweYZZIeG/XWp8qoYfA==', 1, '0001-01-01 00:00:00.000000', '2025-03-16 19:49:20.131032'),
(462, 1, 'W6vZYNHmmHPjN/zima9Px3hNvzRJaii+P6AEi0uhLKuUg+PdicKKssS8SWmReMBXALNGR7j544H77Qh5ZGnDtw==', 1, '0001-01-01 00:00:00.000000', '2025-03-16 19:50:09.471963'),
(463, 1, 'pxH18L5LlIVnPpzdMcRHtCyjz2Kfe9abKqmPpdx6Ukpg3KU4A+0ZLH7VpOE88XoteD8nJ64OCWagNCGOJ3cXVw==', 1, '0001-01-01 00:00:00.000000', '2025-03-16 19:50:20.250378'),
(464, 1, '4mVy/QmRcza1X7jJX0nhCJX1MT/Xd2wRgHHcwOUPyGl8M3uCCDp/PsvNJTBYRQtKDJqpn/5sI0rUJ8QERAhrFA==', 1, '0001-01-01 00:00:00.000000', '2025-03-16 19:50:29.955943'),
(465, 1, 'pkhqcoX15cxbniV5wDf0fnVkbDPKCI++Z0nCHEsH9eJJgy22RbQ48ScDqAN2IrT7qObSPhlRQ0VVinGu/s1eQg==', 1, '0001-01-01 00:00:00.000000', '2025-03-16 19:51:54.131467'),
(466, 1, 'pDmeOPRU5iaFfTivNghW00wSPbtHhoHSdu8ibTz8jMoCCMb8PHrYjDa1TKsJ5h8+D2IP7I3Cjs9VCrznnzLRYQ==', 1, '0001-01-01 00:00:00.000000', '2025-03-16 19:53:05.133051'),
(467, 1, 'xcdOBocQ/uI+1tjlO89sAN/7rQi5lLDSj6ZiQ3MFGUydYGFpfxDyJI6fg2aOBb4bshEe7+LfiGE5PKYCh9mzbQ==', 1, '0001-01-01 00:00:00.000000', '2025-03-16 19:53:19.161967'),
(468, 1, 'PUZG/azGF2uNPknmP9E8t+UeLFcB9uPFn0t2EoGZiBpjclANqFB+0XtqfqPN/E3REHM1MXKIWkFLOJgg8/0h8g==', 1, '0001-01-01 00:00:00.000000', '2025-03-16 19:53:52.136395'),
(469, 1, 'hYlI+U6BrIq1YLOn7CQNmZ3q9mIXkSeTi6VJ9fj7/L2ca7VsNydl9DqCYGqAh5qOd1jsurBoysueDJuie98lsQ==', 1, '0001-01-01 00:00:00.000000', '2025-03-16 19:53:59.131635'),
(470, 1, 'JOrB8v6+YXo2wAYk7IRLUeK0pBnQOvxpvCchazXx+JrmVkw0dm9YqE72sL39uTF0xmaqefR85GU2GnBYF3Sn9w==', 1, '0001-01-01 00:00:00.000000', '2025-03-16 19:54:01.137087'),
(471, 1, 'QqFm6sJzRgWm5FlDXvZKqDaQ2iNXnYF8pPsi5Bxzm2NFSyJ/lkROOFpfrHjAXgPqpOsU2SXJlijflVQW98IIQQ==', 1, '0001-01-01 00:00:00.000000', '2025-03-16 19:54:07.133140'),
(472, 1, '4nuAflC+AWpvlmL6bXQVFjXMpd9mYWxpw23k4XS0YMYKUOVMdwk92PHJ8RC3nyr07NuVCJBSQo5rJ2qr1OrApA==', 1, '0001-01-01 00:00:00.000000', '2025-03-16 19:54:08.809723'),
(473, 1, 'nzA24w0OmOOIXwQHSvsfcUid15PsqMBvpuPuDPLH53ywKlOHATGH6FvsjTkn37wzduP2nNCh92j7+B2mQXV3/A==', 1, '0001-01-01 00:00:00.000000', '2025-03-16 19:54:46.133853'),
(474, 1, 'QR0GQp6sTrXi4xMH+soTuAVY7+8wxyNgl0LsQIuJPya9arqiLa2qUO6QldzX5trCotOZPEfjsVKsc4jnQ8wXSQ==', 1, '0001-01-01 00:00:00.000000', '2025-03-16 19:54:49.727584'),
(475, 1, 'oMfnG5NWchWFVePUfA+YPRvllulyYf4yxm+us7uCBfDuS6ET2d9sNSYlALgt3QU6bnkqWkTwAobjKGySva3U/g==', 1, '0001-01-01 00:00:00.000000', '2025-03-16 19:56:04.133871'),
(476, 1, 'fu3gdZQciS2fOqgOk9GbWgCfC3DZ268vTduh2swlKLfiRvqCIq8/eBFMvFBO73VR/U8qozz+uPUHVbnwaCvyTA==', 1, '0001-01-01 00:00:00.000000', '2025-03-16 19:56:22.121904'),
(477, 1, 'MPso4UdNqTCW8d2SdiRYGLDUbfjksOKiBi883JFwQB/6md9qKT6+M06bFYaJke9BZRQNHuB08RUv7nxljkMJLg==', 1, '0001-01-01 00:00:00.000000', '2025-03-16 19:56:25.489533'),
(478, 1, '4l5KUPL/X8QRMSwgJnkjqYR1P+TASPXWaKlkmphuwatmV4DaGuTxP3j+J62FSdrhy4sgPHv/0lHk5UzgVZkmFQ==', 1, '0001-01-01 00:00:00.000000', '2025-03-16 19:56:38.102857'),
(479, 1, 'etzFi1uA7BZcCFj2ZFeIZ4Q1B9AbO83P8QDhxSn1+whhpOeY7hGhKWKAUw4+9v3OdH8LupY+Mo8h0VD3FUm3Gw==', 1, '0001-01-01 00:00:00.000000', '2025-03-16 19:56:50.988915'),
(480, 1, 'OGHpqRXrTNtrXqiXHvZ3Iu8uvAkXdezzhDXY/8qQ3POg2Mc9hdewxx0glDu7XGtCp1uMS72VM4T6KJZ62Rup6g==', 1, '0001-01-01 00:00:00.000000', '2025-03-16 19:57:31.999457'),
(481, 1, '+ub0/muLlPlWMpyE8p0GyHCJQaZ9TittZqgxyK0SJUa8ZI3yJAXsyWTMYwoSkLnUanH944Dpaihq16xbc65IIw==', 1, '0001-01-01 00:00:00.000000', '2025-03-16 19:57:45.058580'),
(482, 1, '/c9VF+qhXi3cYeFOHmLaKT7Gc3Lyx7kb01M+nCcsFeKcx9bTglo+kIB33aZ4tnkA0IWnZBeB+BfpIStvIcjugw==', 1, '0001-01-01 00:00:00.000000', '2025-03-16 19:58:03.726782'),
(483, 1, 'wGJBlsHhFeO/qZnEn8yc1GlWS+nX5TswJrVXP49yexxom8g4KvLLBPWQkigdVa6yomsAy5N2rIuZo0k3GGy8oQ==', 1, '0001-01-01 00:00:00.000000', '2025-03-16 19:59:08.512917'),
(484, 1, 'eLLJnLxWLtvxR07f06W0FU/C9MtN59FSTk1TlXZFb8iS3AsjcTh237Vri0kQnulIjUmSqDLHi1NAJnoYuVfA+g==', 1, '0001-01-01 00:00:00.000000', '2025-03-16 19:59:23.142640'),
(485, 1, 'yu4+nYn3D/j9KneWSsekonQsr7885fCTOaF3cqYSfEMrzP8mZvwYMYcuhss0Y6OyRemB15mY/MVXwn5UauKGLQ==', 1, '0001-01-01 00:00:00.000000', '2025-03-16 20:00:47.779632'),
(486, 1, '3MfJyV4SW8guFxndGurcKlnv2RqGSAvzmLcGXhq6o/hYXLAltd57YokYWRZulMtuAGFUllMgSZvchn5PwwhKVA==', 1, '0001-01-01 00:00:00.000000', '2025-03-16 20:00:55.300190'),
(487, 1, 'zNrF0lq0ICVkVc+n0jRriyg5QMLaxxGeyFYMIGlhtQ2Rmu+LXc9pQTPd59gdx42IMRyqALus6meHYWvZafBA0A==', 1, '0001-01-01 00:00:00.000000', '2025-03-16 20:01:34.442983'),
(488, 1, 'otKsHdzX7Eq1yOMHmXWv0rxSnChcY6lyhe77Djb9EWDII9YLNCz0nB4z+p6YNSGLLvgRjvase3yquJqgDA0LYQ==', 1, '0001-01-01 00:00:00.000000', '2025-03-16 20:01:58.732516'),
(489, 1, 'tlEUr2gXifb4IKhXcdtF8xYkEmg/l8PyLcNcYQwRYQZnNPI6ZnOgKWHTLDZ7gyiiuaYCmNRMcvuJuMTt3C2Bgg==', 1, '0001-01-01 00:00:00.000000', '2025-03-16 20:02:01.560938'),
(490, 1, 'MfxrLyMtf5yg+2e/6uAknGW6uKfqENFpaci7ocNSV2sMA73nYctkpWS7B8iHY39/fsZHLpcZG52Xn/P69k0bag==', 1, '0001-01-01 00:00:00.000000', '2025-03-16 20:02:32.483928'),
(491, 1, 't5EVqoaLXF+wkqAWdtiapzPNidNIPtA+qj8Nf7w8gjWc5xecRLh5uv64VFdmfqvzfkC+F0O9jLHJcXfEt8njuQ==', 1, '0001-01-01 00:00:00.000000', '2025-03-16 20:02:34.123934'),
(492, 1, 'S89+973wXiaPLHRjmhGzIYAbeWb6UTjBZSp02gOZ/V9cFX/QFezufMM7rLn9Uz334Ug5PxMPvPyryS1PcRXIIQ==', 1, '0001-01-01 00:00:00.000000', '2025-03-16 20:03:02.068232'),
(493, 1, '0skI9+AUOWbMJc1FPjnROk+iwyIsiGj7/+QWpnYMoewNn1HZYNe9wsIVW+qAvzTHYpYyKwQXJ9ZCIa9uGnQdhQ==', 1, '0001-01-01 00:00:00.000000', '2025-03-16 20:03:03.445500'),
(494, 1, 'maZrolNBjKlGoadQMjGOri8gEiui56kYqOl9bfncL473q+QslYQYQTTehFQNoZcTgHoXG1mU16oTfKpIE6Vj/w==', 1, '0001-01-01 00:00:00.000000', '2025-03-16 20:06:01.334601'),
(495, 1, 'T0yC1sbpcG732upCgyMQVookm+grevvKfy5uVwdN+BQ8mOGe8CP3PIO77ooy3ILrVgp71smFnwOer0E8lqHOCA==', 1, '0001-01-01 00:00:00.000000', '2025-03-16 20:06:02.852634'),
(496, 1, 'KuvtFBG4eEFrHEobwOmPc9bWVykH3RWkEkyN8I05/Slf40xRbXYTKCUEmtp5YEIBXlpxx/yLss7QnhzodR9F8Q==', 1, '0001-01-01 00:00:00.000000', '2025-03-16 20:06:26.799207'),
(497, 1, 'GruDmHZlRh2dmjx9tVJxcczhJSj6Jd4D/XDMbdpQbwgk4IMtUiC569V4hIpp19hkPiqQcnQmaY6wANantdnH6w==', 1, '0001-01-01 00:00:00.000000', '2025-03-16 20:06:28.199949'),
(498, 1, 'X1KF23c9yDtlnETlCL9q0yqza4fWsgjTy3c88lPJVhq+R5Mq+hxaEij6BzNgqyC8PjqSCRVeLkwTM+lcSm6Ebw==', 1, '0001-01-01 00:00:00.000000', '2025-03-16 20:06:37.578122'),
(499, 1, 'VALEEYp7uTNGNpm5XsEr+5chN6vPOTcuWph7u7Mb83Y8I5rPfZJaJwfCxz+DA+I0X24+65pvcq6jC+W1uUAR5A==', 1, '0001-01-01 00:00:00.000000', '2025-03-16 20:07:11.991135'),
(500, 1, 'o4GUNUpJ/jzBfZEe+EA0NSvZt7CGWeDg6AgOcaDrigjOGpQVxbrwmKP2YBB7GBf5FD25DCWf+XCVc612qRgjvA==', 1, '0001-01-01 00:00:00.000000', '2025-03-16 20:07:19.015624'),
(501, 1, 'tA0JhuczNh7jGWIhIihE7u9XAvbqlKJnpsPyTAGyVYq4LiqKSqpJWL4pYqQGhcdXfUgLsOuGX/JysLprWrN3WA==', 1, '0001-01-01 00:00:00.000000', '2025-03-16 20:07:25.571807'),
(502, 1, 'FZyeHs85Eqf2a5UtUKSJhsHalGA4jJuTcUmk+d27JPQw2s77zFBwcaDLmuUhG9ZGBtQaLZ/Hj+nuOw5TxTrMkw==', 1, '0001-01-01 00:00:00.000000', '2025-03-16 20:07:31.927055'),
(503, 1, 'DrKjAR5/Fx20GuJDkRH7JArxM+QNLSe7JNB4yCiDF9IoetVi16DcF904YpxUQcG4GqywOiutspF0fHdHdOKGkA==', 1, '0001-01-01 00:00:00.000000', '2025-03-16 20:08:17.892501'),
(504, 1, 'MXQKGrC09vhck1pkrtTkcHGoTa7P4063YgcZk9GSVpCoFuvtmo9Dolfe5PocRE1K8BcGCi7yWtEEbTcXTCFasw==', 1, '0001-01-01 00:00:00.000000', '2025-03-16 20:08:23.489457'),
(505, 1, 'Q7oUOJ7C5Gn+Qbdqpuy5pP023+Xy4B+z1k13i5nQumHVsYRSj+5QFXf79OC6i2UIss4ZHoIpgCpA6xluLZnuOw==', 1, '0001-01-01 00:00:00.000000', '2025-03-16 20:09:01.798949'),
(506, 1, 'JzgY9bFANDoUDEznbj1FLAC6HjckIJJwRz9PNTfmQLqxKBj1lkRKtzOfC/jVedkpp1kdWcCMTUG918V/ki364Q==', 1, '0001-01-01 00:00:00.000000', '2025-03-16 20:10:18.958139'),
(507, 1, 'zAIxiVRu0ExWh+giV3moG3xgg9J71rffIgg8jCRFQELxwPv6YcUmR/6sfPRV1p+cROC1w4ihBybRu+EJXcvjVA==', 1, '0001-01-01 00:00:00.000000', '2025-03-16 20:12:07.628908'),
(508, 1, '/jl2YHJrPbGnHp6P7/iy185b7Pk8BEhEScJ7/eiVPawlGS38tognRYY5sBSKqlcOZ9susNRj80Dqfppr/Vb0YQ==', 1, '0001-01-01 00:00:00.000000', '2025-03-16 20:13:06.717282'),
(509, 1, 'KqvvGJJGhlirMmqrPA+y9gK4JYodoM7uuOYfx0NNmx+2EJ26SSx2aAx5l6g43XtpxzO90NDBSsyXmCTe9XG/kw==', 1, '0001-01-01 00:00:00.000000', '2025-03-16 20:13:44.967668'),
(510, 1, 'K6HWAimQx1A2qGE46CwHp+rvxklI/E+eeQ0hEHmeX57KIEukRVONQx7UShTYSQQ50bj1UiQQ8CZpUi0mz1gR+w==', 1, '0001-01-01 00:00:00.000000', '2025-03-16 20:14:05.329690'),
(511, 1, 'V6TJx5jcgMqKM8JJSGMtdfum8ZTmYUH54FC41tKGMAvmZ13R2Y1Uj5+isyTrqidvHOOI37ScPwrF7U5QZV0dzA==', 1, '0001-01-01 00:00:00.000000', '2025-03-16 20:14:17.092591'),
(512, 1, 'V10GK3XJzxjJC8afMazsJ2EeIwTIY1dLtEPCAShRPqhjBRQFnqQS9NJTEXWmNHfVU16k8AOGdqGcUtUWmN3cVA==', 1, '0001-01-01 00:00:00.000000', '2025-03-16 20:26:23.129764'),
(513, 1, '7XvV8KeKZPOWLTgkBJI4iIoAk8tYGRfBVEtRRhLOLXFB/+Ie8zHfocsMuray3A3R/GO7/jhrEaOwoJGgXX9jbg==', 1, '0001-01-01 00:00:00.000000', '2025-03-16 20:26:30.138913'),
(514, 1, '/8FxkIyrSJSRGdkuKGlH5FSPJ/ldi3rbhwjWBO8fE2z+OZIKm/38RgLaOXJu+qnm0BWw8QWzSVQ681mIftLP1w==', 1, '0001-01-01 00:00:00.000000', '2025-03-16 20:26:34.131150'),
(515, 1, 'Yg3nPfQxv5XLenOgiRun3bY2bkc7yQEUxaiZ4H4cZHt8iNtOxApjRXxUA8nu44kVBN5S20rqEwQYJbmX7eKo7Q==', 1, '0001-01-01 00:00:00.000000', '2025-03-16 20:28:02.051189'),
(516, 1, 'iWwhrs45ZgfgVcRO99YcxPTIsBY+QvFFvTV6/4FLRTaoalskJgTYLkNwK00btHzK6gYxFWmfqa8bdN1a878iSw==', 1, '0001-01-01 00:00:00.000000', '2025-03-16 20:28:39.490878'),
(517, 1, 'E+FT1KFlaWNlY8NlCSZW4vVAjXt0IWCwmDSV/NXMXcCKHEapncAguHsLAi/wcs71wI8qNxNQ3qWOV8O6sRGIJg==', 1, '0001-01-01 00:00:00.000000', '2025-03-16 20:29:40.100650'),
(518, 1, '85XsBoEBJBeK1OpbtwXrmgQDHwR9rJoAjf5DWUjOz/wnxteAedcnaJZJVGNrUECfJcl1l7vFXcvT5jyyeDeAaw==', 1, '0001-01-01 00:00:00.000000', '2025-03-16 20:31:11.214231'),
(519, 1, 'O7xsGVOIdr8M6sRDPbvAoHtygm8NaGUJ4kxd+FK3d0wMrX+TnJaRVA5XPqh/sOpgxQ004s4VePjKZS4yMYbMeQ==', 1, '0001-01-01 00:00:00.000000', '2025-03-16 20:32:07.277903'),
(520, 1, 'sduRXGOqJIt46BvnZMzcBHXelYyusLkgUkxHNwtVaJgZl2CFaFwtu4MBdrrVMZq6ENYFsbBT0/VYddXsl+zFtQ==', 1, '0001-01-01 00:00:00.000000', '2025-03-16 20:33:30.021963'),
(521, 1, 'JokU+C/MFw8ca4T9sLdxBZiimntUDfxa52Pwc25l646PQgoLw/ahwEcH5OWwx7mlZk6jZgn90t5U5Gst/+A3Ig==', 1, '0001-01-01 00:00:00.000000', '2025-03-16 20:33:58.193412'),
(522, 1, 'B561zloBJ4+LHy6Q1C1bEXdOFQWR8Apmu5VPFq9XlsteHhVZoZWtYNkztHBL9hmN8Tb+jLcafe+fTrxpxO1yZw==', 1, '0001-01-01 00:00:00.000000', '2025-03-16 20:35:09.250067'),
(523, 1, 'LcOm7icatkyRmZWd4zK3NkUzFiWhr8kioFvxX7gf9gHK558DMYhYPpIOQWlIg25tmLFQnA+lqnVJGsslNEFhpA==', 1, '0001-01-01 00:00:00.000000', '2025-03-16 20:36:51.247693'),
(524, 1, '3Z7ZgMPFP/alYdsq9U2IjhJiXSDrIgZ1aUTJyVuXR6RwjPPpbwTn0kpi8QDdb99k1k8nLRVFm8+5HOHiml7L7A==', 1, '0001-01-01 00:00:00.000000', '2025-03-16 20:37:19.935512'),
(525, 1, 'QGPH4xjVqbl4V9i5GcXTXFBeF9NHz8guNAjRyRnbNciJ5GV715Gw7hIUveqGEnZcxYQvld50sJbnGkSFfbAGvw==', 1, '0001-01-01 00:00:00.000000', '2025-03-16 20:37:50.564640'),
(526, 1, 'cIOsvAxBXDMuX6xc+FpUpIAcVjTlUscwMBX84e7jHrU/0ZJk6TJgbr1infSm1fDfkcGL1GwTFTGwxictvmi6vw==', 1, '0001-01-01 00:00:00.000000', '2025-03-16 20:38:32.343741'),
(527, 1, '+DeFm1PvAjWfSZ+hgaRKItRU3iYi9CeW3uHRc7YmoZ3frkcc1vNrZ6XSaiSI5puv/kvFgZuM0U/ebsqMQqdACg==', 1, '0001-01-01 00:00:00.000000', '2025-03-16 20:39:11.618897'),
(528, 1, 'cDYDFFKJeBI3Yw/q/pI8EyCzU20aV2H2D1gAbm9i0sF/fjENwCFU08MdoMeOacIvjw7JI6QJoFgn/78F4ZECxQ==', 1, '0001-01-01 00:00:00.000000', '2025-03-16 20:41:41.095769'),
(529, 1, 'qnEm+W2w7C/FL1Portgo/Vi3iuCTZMb851ynYdYP56WHvFs3SozlU9fAaCbGoTz0jEjSv7V6LVr5aqaFYtGAGA==', 1, '0001-01-01 00:00:00.000000', '2025-03-16 21:16:05.462481'),
(530, 1, 'yq2y4ku3IfCtJDkeXCksHs5s36CTQNQ9h/w7FrqmOVggIY39NovCxCzEYM+HyTEGeXI7jUOej2p+HHRNPebpoA==', 1, '0001-01-01 00:00:00.000000', '2025-03-16 21:23:53.472548'),
(531, 1, '4RKv0jLkjrTuEunS4/r84BBPkN8B7t/8eWVpzKOFtH5eubr12+268h4mT+T79NKuGvHQhA+LjBRhsr5CydlyVQ==', 1, '0001-01-01 00:00:00.000000', '2025-03-16 21:26:25.300884'),
(532, 1, 'Vgi/UQ1Ahw/N4Ut6oUJ8MJmHwai64fRdqWlf4QzWG9D8DZijtm+exnuqGuXbaBLmwXmgU3rKC6S68CovrC11Ew==', 1, '0001-01-01 00:00:00.000000', '2025-03-16 21:26:33.921162'),
(533, 1, 'v0p/IEvsZv/BQU6h924vR1ctTx55ixYD5WVSWhwfo3CHZK/wZRCpIpYWhykWIp2uLShe6lUs5AJ7IYlsEZKmfA==', 1, '0001-01-01 00:00:00.000000', '2025-03-16 21:28:05.153955'),
(534, 1, 'IDVXeTOuA4KHdVfP1Bqfc40DOtRTxPypMuD4hpzYD5SX2XIusex/G5HxtybXHk8ziTl+ZLbOZwL29A8EG5X/ZA==', 1, '0001-01-01 00:00:00.000000', '2025-03-16 21:28:09.390046'),
(535, 1, 'VzdcjaPfQouVLfXxzDKK9g4X3jbUEELE7sPgpCHQRaoH52c+k6ksDM8NrNJVMx/RkhcKFT9hTzbp64aYUbbW4g==', 1, '0001-01-01 00:00:00.000000', '2025-03-16 21:29:06.647600'),
(536, 1, 'vsC6hJkS2CpO9l4wTspQPn+wO73gTEDllImP5NUzaZciVqQvmzruS4bz9dScGZbupUx/jjKlsXvXEyK7aAmGgg==', 1, '0001-01-01 00:00:00.000000', '2025-03-16 21:29:34.793022'),
(537, 1, 'ikleSKaVBXNadom+qrmU0eo7IShfpeOfgVR7mdnncsl4X0gS3Js7S9VV9AVOp1Je5iEXrkTHS+4WdZkfzF/blQ==', 1, '0001-01-01 00:00:00.000000', '2025-03-16 21:30:11.646985'),
(538, 1, 't7EJ+f1OPNiEvDE/GyWAvy2xaGDlqWhpbqRm8muc6H9nRPG8b5TaABR+ZG70K3DYvOhMjkru7thhv0B8vEQYLg==', 1, '0001-01-01 00:00:00.000000', '2025-03-16 21:30:25.403674'),
(539, 1, 'QSIgw/+O9wI7xwDy5GULfvf9wzN7ZzwdeghZEOHvC6xJDuJEzA6mUYAALxJj3TVpS1aio9eP3uGRG+3ViMGaBw==', 1, '0001-01-01 00:00:00.000000', '2025-03-16 21:30:47.381839'),
(540, 1, 'sFVGu/p/aLTwK/4tCsbuKgA5+AGHOtRnLorMy705oNf1MebT2b/dNIStyZNlEVQOWap1AYBanNXrOyva0PAUEQ==', 1, '0001-01-01 00:00:00.000000', '2025-03-16 21:32:00.697068'),
(541, 1, 'fqZThPS0UTRfKuQnMzRHAgaRhNDIUCgGYf3Enn6xDD6K6YmRb63Pf6yc5G/yzBQI4H2BWKd1M16IEWBpu6LwoA==', 1, '0001-01-01 00:00:00.000000', '2025-03-16 21:32:25.261805'),
(542, 1, 'ipgaee3O8NEkk701Pw7ud6vMQD8DdCWfp1+x546Yl96vewwhhBMUOuyOwv5swYsPyIWwJtsRb7S5ceFQ9qky8Q==', 1, '0001-01-01 00:00:00.000000', '2025-03-16 21:32:33.423018'),
(543, 1, 'jinmL7K2fTmfbt4aqm/f5NBi3GjRjyDcGjytOzTj6fXaZ12t3ZXxQ+qWjm001q6Y4mlntFVsRiYMiJvyuM/Brw==', 1, '0001-01-01 00:00:00.000000', '2025-03-16 21:35:53.486138'),
(544, 1, 'R4bnDnKTD2Ksl0jOP+bZI1Q2KqmpiDWGaF2GU6UMP5l7mzeKkaRniwW94GShXJCNX9JLnnr/AzN1RCmMApE0BA==', 1, '0001-01-01 00:00:00.000000', '2025-03-16 22:01:18.853353'),
(545, 1, 'KmLlptZ/4+01dV+vRBGHfO2GPdh9i/0wJIlPbEuoleeJ5x7LoQY7+ifaj1a0ZAKV0WyuTpVYESNfBs8zr5Me+A==', 1, '0001-01-01 00:00:00.000000', '2025-03-16 22:01:28.697277'),
(546, 1, '8jsiOh8m5igXhvyGCFsPALpDUoGp7B8g47QkV1peJGiY9KQU9F/W5Bpn5+DgHzjN7Hb2eNDbcy1r15RJXL6ByQ==', 1, '0001-01-01 00:00:00.000000', '2025-03-16 22:05:21.420040'),
(547, 1, 'LarqEEiPX0BapMh780YSPBTxCtiP4xzyfbixalpJkyqznF75YHK5W/xfj9EjQLcnByyub1F/Vg9Kq+BDNTL4Kw==', 1, '0001-01-01 00:00:00.000000', '2025-03-16 22:05:26.718529'),
(548, 1, 'ZbWn8hvSEo/qDfi9Si6b9NakZ0DxFIS296mtlQmnpzJssvIOn4EPTBpr+6rbgnoro4djcHRAwnVxqzAzAjYeMg==', 1, '0001-01-01 00:00:00.000000', '2025-03-16 22:07:55.337074'),
(549, 1, 'miHY0YgPGSvPCNF+HeKEve68wa6FA+UnBLYCXFzJurYU9AV/AUJuaeT3BSHIHIXVTAmSb9/1RPLIPw9VQ449sw==', 1, '0001-01-01 00:00:00.000000', '2025-03-16 22:08:00.988771'),
(550, 1, 'aqIA54X2UjZwOBnfLFLuZnV6vc0TM4eoO/F7ir1tTXdHfYos9dVO6Zpz7ErGv2J1ErCzbb6qzbPP8wWfGP4xkA==', 1, '0001-01-01 00:00:00.000000', '2025-03-16 22:08:12.826299'),
(551, 1, 'tiVZVA9OR/BHuvzcE2/l5h3NqH19f/TeAVP4YoNfo3a0kL4hywuIlsSxy1dqDwk3eeXPc7VT24hHd7XCKzZBLw==', 1, '0001-01-01 00:00:00.000000', '2025-03-16 22:08:18.198364'),
(552, 1, 'HP7EGnUdsfiGtAK17QSGPruA5DEzCbFYKaQj8/OWm0q/9dLvNzYE1BXg1rfhwo8+blLEejeJfsW0+WEshFmYhA==', 1, '0001-01-01 00:00:00.000000', '2025-03-16 22:08:33.930943'),
(553, 1, 'jHKLRd6OfOCxdu+Lo74oKtRekqZHPrLa15hd+bCygzUh33L7oHarch/rhyHQeft2WiK/JkeDPob4HPyYySVCCQ==', 1, '0001-01-01 00:00:00.000000', '2025-03-16 22:08:38.289563'),
(554, 1, 'xFqKH5ObPaMoxwSWIyoHisGAW/PTsJs7EuPm+9/AzaLqise8EPgl0QPx39YtMG5rfxcRuRUJT+GySJeak1aE9w==', 1, '0001-01-01 00:00:00.000000', '2025-03-16 22:09:24.142086'),
(555, 1, 'aZTCLofeUUaOpSPlcigHkAkDB0ngiSTjV9WcncE9WYAOPABxWoDAVySuuaNkR+B80QeeNqv6IThJir/0cC6HPw==', 1, '0001-01-01 00:00:00.000000', '2025-03-16 22:09:29.136755'),
(556, 1, 'LCIf9sZ/2/NbH/k48mWXH/xiLxI8LnZ4Gy5KAAAZ1KT+vL4DVnbq1q1KzgCQXri11v7hl6ayab3nwMKkcFmqPA==', 1, '0001-01-01 00:00:00.000000', '2025-03-16 22:09:33.139558'),
(557, 1, 'aZnrHNH1LNfoC1MrIYxLFjTUNsG+Uw8XURsRzqgd6BkugRGLnMpAmUDiv/HH7VsIOz581oggsga/sA3pPG60gg==', 1, '0001-01-01 00:00:00.000000', '2025-03-16 22:09:35.484163'),
(558, 1, 'F5W+NtcfXh7w/uvEldsgQ8x65L40eqyx8OgjGsN32qZLo2LSGiW/XqshJVqwxrBFtMGEo2b9y8Vb5DrV5I81eA==', 1, '0001-01-01 00:00:00.000000', '2025-03-16 22:09:50.140399'),
(559, 1, '9Bml2eKF4KE0OXsh2NhjGPiQlURrfNa/oKW7aV+dr//MEJk4YfRE1GckxIcDIl7Y5eBBnpeBY3yv0uSagnVt+g==', 1, '0001-01-01 00:00:00.000000', '2025-03-16 22:09:56.129094'),
(560, 1, 'AHTnje82gUBImKdaovLkCg3Ush4eFRivTcAwIXIaf671feqMTCgHk4aWKDYNKfhFqg8dcQKsLwj6ejq1wo5ZMQ==', 1, '0001-01-01 00:00:00.000000', '2025-03-16 22:10:28.137459'),
(561, 1, '1Vt5ffQLQg7uMIVKtLD3/UyNbbEPj59ts5nuz8loRZcfljb5kCUJXHXWH7DVVCHZa8KvM7lwHLqyNAj8y2H6TA==', 1, '0001-01-01 00:00:00.000000', '2025-03-16 22:10:34.148241'),
(562, 1, 'aSMFUh961mMZ/VHxhfmuIti7CDZdNwGLUxLOSnZGs7nfKmWlQm+mln/Q+u+Kd/LuYSoJFbb7fEeksKsDRfST/w==', 1, '0001-01-01 00:00:00.000000', '2025-03-16 22:10:41.760101'),
(563, 1, 'A47u0uH4Av/5vZP02auE4pXeHIK1DEfuwMOv8NjY+8XplcAM9LOmjlENn7CsSvOf8YKvEX5ZtXazsVT0uDoGgg==', 1, '0001-01-01 00:00:00.000000', '2025-03-16 22:10:48.206619'),
(564, 1, 'YCg4NSceosEJiX5EKm75PRihRG/UXn8McwpSawwQiESkp2XBacj3wI4zwahgXM9ClA4xuhNELI59rEiJqSA1AA==', 1, '0001-01-01 00:00:00.000000', '2025-03-16 22:10:53.422459'),
(565, 1, 'qD6Qm0+M5XiZ8ord5knMU2fPggWsyUsymIrjnVTYdcAFHXDeozcx5xkhViTdVdiWEGbhN2h6rZYtScmxdAYgMA==', 1, '0001-01-01 00:00:00.000000', '2025-03-16 22:12:12.857597'),
(566, 1, '27o0kiR73KSbjTBNt+zxUzsaKCwv84aGlbxnxV4+IJB8MduKSwm9n2C3bie5m6PgJvxUCvYl4aVV2UojI3xsgg==', 1, '0001-01-01 00:00:00.000000', '2025-03-16 22:12:22.050218'),
(567, 1, 'EugyR4aTV+BQkY5GLjXAD0WNGgVwF8Um2bLYPH5C7A+FGP8WoSkwcNkqgjxU9HL099pM8kdeSkKFq5IGvvrDUg==', 1, '0001-01-01 00:00:00.000000', '2025-03-16 22:12:27.923797'),
(568, 1, 'oU0b7arH0NFGTPRbrp9AHsJnsTwpsyE15q/x5W3m7dEOGeMrKDeRwuthNo/Gq1acJbC7OiO/fUH7SoYbjvp7/Q==', 1, '0001-01-01 00:00:00.000000', '2025-03-16 22:12:44.546272'),
(569, 1, 'GRvm+NpO7wKML1Uk8bFoP2wXBlZMMqz3LXIc3+adB3Nbw+IiVWYGxaD6Dz5oISa1Pb/t62PHXZfF6OCeYIg/Mg==', 1, '0001-01-01 00:00:00.000000', '2025-03-16 22:12:50.949907'),
(570, 1, 'QsZTjjgXAKqfJDrrmw1qWUMN5NuqDZAcJOIHqMrUKy/BaeD7qKACJMBcHZ5SJJV50VJaVtreGDkqT+N9ONoGqQ==', 1, '0001-01-01 00:00:00.000000', '2025-03-17 14:14:53.375592'),
(571, 1, 'KUoQZLQEKlpimt7/QA5z9PrNE7XhmOFIRdNru2F8Ct2X6kxqyLCtyjWp7evV2J1XNDAYu2nRdgNyzsZJx2UjkA==', 1, '0001-01-01 00:00:00.000000', '2025-03-17 14:16:53.385451'),
(572, 1, '4xrFP9kUiHVaKkih7WnN2/5T53PLhMVncA4LhZSODZZLND+NhL0tp/1LZkI+KMXwW72/XuJeG8NDI+EwILJG+A==', 1, '0001-01-01 00:00:00.000000', '2025-03-17 14:16:58.114550'),
(573, 1, '+3xS6KjvAR75/CC4spdRbeNhWCZmPDGx4mjChgTa254oOOMC8C03SUiGYM7Bt3KZ7tHAoi5mrZ5wFG+2sOAZrg==', 1, '0001-01-01 00:00:00.000000', '2025-03-17 14:17:03.643659'),
(574, 1, 'c6xt75krnnbyrUoIO1ke+xGvtGJNXwtPtzEdkHysFQsr/x2HEPIzuAffdtBlPqW9Pmugswx91HcPf+lmx0QvLA==', 1, '0001-01-01 00:00:00.000000', '2025-03-17 14:18:04.303358'),
(575, 1, 'dPGRXa3zWYxCnsPNc2nMLrvlx3nMkIOoPcXK3AiIlGw3OSMhUfdMX3yDrr6BEDtJ2Ujt+B2qzUcpwN/7lyVNLA==', 1, '0001-01-01 00:00:00.000000', '2025-03-17 14:18:17.190052'),
(576, 1, 'JQIad6MhsoNRGbNShR3saqZA0itpkoZ8LNsI1O7h0Ia/4F0+ZkExJEkqS1eAWAWIG37f7CxgZN6lvVax3c9xiA==', 1, '0001-01-01 00:00:00.000000', '2025-03-17 14:18:22.167694'),
(577, 1, 'cwBYiwAD601YfkUe7W9XU9NeDqOlp+nl2OJ4Kt3gu7n6maA6uSxcJ2hTvI/5h/rUj/KxzpZ5t+5/RmUCssE49w==', 1, '0001-01-01 00:00:00.000000', '2025-03-17 14:25:29.635174'),
(578, 1, 'Jy+Kj9ifmbsq4o8qk79XV0ukqiho2eow9l37kQ+KUILc6TTC8hs3Qy2F79Syf7EWxnVG1VTCf0tSrAsomm/FnA==', 1, '0001-01-01 00:00:00.000000', '2025-03-17 14:25:30.632253'),
(579, 1, 'spF01FWsXwUSyQo2o2XaRLlDe4BEUjXkRYP5x8vMHGieeuJUWyz6r+leuI89DeT5u8QQsw5WQsWcfTELw78AVQ==', 1, '0001-01-01 00:00:00.000000', '2025-03-17 14:27:13.889323'),
(580, 1, 'eWDZ8GFYCiB/9BCzNRbx2stupspNsuedc2OGt719C728K/MF/ejTnr0hfqVLHUk5jKHlOEd3ZWOfwikpGIwHUg==', 1, '0001-01-01 00:00:00.000000', '2025-03-17 14:27:30.297506'),
(581, 1, 'hy7sOk/6o7B0Csvs7EcQHIk2Va80qZmgY7Z+6ED+gwPgwabqtbIX/lZa/AuXb0HOPHzZq5DFHNO2XQ7LKMPxQA==', 1, '0001-01-01 00:00:00.000000', '2025-03-17 14:48:49.838099'),
(582, 1, 'bEsP9VCZ9aReESh0LzUfooceln+I+1TEczoAs6z7gmUNA0nehakIZxwUGlgjHSh72ikDfR3sGxp/YHXnoNmPIw==', 1, '0001-01-01 00:00:00.000000', '2025-03-18 14:27:09.159564'),
(583, 1, 'NlJNkbvhG1udIB4jr7Ps6QaTRMZ65kY4SrpoAO0QlO2wE42mXqjdJY8f8Plizgk5RWdxk+i9fNxa3F/lgQGxwQ==', 1, '0001-01-01 00:00:00.000000', '2025-03-18 14:29:14.002326'),
(584, 1, 'ztG4+JWP+TkqrdM9Ki+PRo92BQyB4awvI9okt4u8RH+FK17S7MuCut5YCM1dmjbSbheRYfg5R0mrfjG+U1bJBw==', 1, '0001-01-01 00:00:00.000000', '2025-03-18 14:30:57.349220'),
(585, 1, 'VEwKWJMrEvKoD4hmafiRpJRF90PcIiP/3D5LazyyerOJLU2mQZ34PvtNLcHW1tIOgnCNj9HOKSh83MjASo5SOQ==', 1, '0001-01-01 00:00:00.000000', '2025-03-18 14:31:01.247392'),
(586, 1, 'V0qkZMcuPiAzHfsqNrFXlIGYFJxWJ7NrYHOlrh35bNhR9gi4R8C1MiL4UnBIabQnUhhP+dlLvJbzCEFhXXgg0A==', 1, '0001-01-01 00:00:00.000000', '2025-03-18 14:31:07.258248'),
(587, 1, 'blyIMDW4ORcFpnb2q2tezjcbxAVqvsfqELvNsQ7FMnc8Y1UB/eT1YgIjbJFKkEewYqQGIs8dBcwcf/gIM7DKyw==', 1, '0001-01-01 00:00:00.000000', '2025-03-18 14:31:09.276819'),
(588, 1, 'CyidohphPfV1u9eO+M5V143PiitcPCpFrw0SL528z/C+GH+nEgW9g120cf52okC6VflZuHaXbj16HvAgIpq0qg==', 1, '0001-01-01 00:00:00.000000', '2025-03-18 14:31:30.268687'),
(589, 1, 'BJLU9L4cqy/rWQoZUWAZUgE0ibGe6zDS416HWmjrnvYIqr9a/33ZIbkNoDSweNjnZ9srCmLwy2jVTSsF3cjczQ==', 1, '0001-01-01 00:00:00.000000', '2025-03-18 14:31:45.244879'),
(590, 1, '0H+Ajl6TKXkvaEuB44OjL0F9CXfofp7DegNZXJVxJHuIgFwLtSYve0j+OlmOXpP1iwpKDt1UOQSRVV53y8XATQ==', 1, '0001-01-01 00:00:00.000000', '2025-03-18 14:32:00.248473'),
(591, 1, '3WosbqKTuTi2EpZWX2SRYgseQ8FEdel54TSi1xvDGv6pOS21HYzm/lH7llf3f4v+VLo9yyIXJJlHxwu214Hjew==', 1, '0001-01-01 00:00:00.000000', '2025-03-18 14:32:03.259765'),
(592, 1, 'imTSz7JqCuL1jpLI/A+/bMBpB7FakPXDDVHVPhYHITaKNwJt9ItgnNYi5JinyYXhkWR80LOtkWHLrC6t5uqcRA==', 1, '0001-01-01 00:00:00.000000', '2025-03-18 14:34:16.250268'),
(593, 1, 'yqgP4YZO7jMhcyfR654zk7Rp9i0XVBR9Pw+it7SJqhK4Y+2prCVyDHvHrAWUStN23h/5a970/8k+jlBph+8m4g==', 1, '0001-01-01 00:00:00.000000', '2025-03-18 14:34:20.458163'),
(594, 1, 'WFepcm+vf2KQSQtLH7JO+BtqbIgPVzHVD6K1wwri35wgEaNYWPCL5W9+YaJfAUeGCjZxfpZdeGY0tv/yE1K6nw==', 1, '0001-01-01 00:00:00.000000', '2025-03-18 14:34:54.010369'),
(595, 1, 'w2HJGiylnrdmcU5u30SoFKEBMQwwfK2GlimXXc0D7vDv9CPannv/8/FzALld/+yKZP0YaS80b4BwX/7opq92QQ==', 1, '0001-01-01 00:00:00.000000', '2025-03-18 14:35:19.692886'),
(596, 1, '71C+DBBhkgqsO3GDFH+SM1/1H44DmiP8nrlIfpDX5ekC6gFeQL4s3xC3Ph669i8x9PHOUJ+j+SCHGn9XZUrutw==', 1, '0001-01-01 00:00:00.000000', '2025-03-18 14:38:18.011235'),
(597, 1, 'V79xrGFXTmx7b/DpxWjUxa1bizjAaGIXTPUtLY9xfbj5bJBsiGvgE7kPwwNQuuLT1bKv+M5r5XnZcOiwAoSc/Q==', 1, '0001-01-01 00:00:00.000000', '2025-03-18 14:46:21.062494'),
(598, 1, 'hQV5U+NEfLi9KcA8AllGSq6JYpg8zdw3xNFq/gEg30anvla8yoBypYHEAx0cNyy44+Y2GXlrIV4s05uibK7v7g==', 1, '0001-01-01 00:00:00.000000', '2025-03-18 15:02:03.038928'),
(599, 1, '+hHz2jlQcc2W0Hwa078UIZgwHEOJCKeFEmgIkS3Y+axVoDOYz8ZaREIsnpRwkjC6a+FYhpL9Dy9gxZu9pmCb+A==', 1, '0001-01-01 00:00:00.000000', '2025-03-18 15:04:41.007640'),
(600, 1, 'RLr6cCZegWG0gmtIS1RjRkDYL2s746grlhF2Eq/hp5lFIGsPyLySEsQR8vF85xt7JtXGd6hoDCQ5NRagUFVKbg==', 1, '0001-01-01 00:00:00.000000', '2025-03-18 15:07:04.874346'),
(601, 1, 'mGWeToQlqWl/9pbXNBYsz0Y2CpiryQTS7/r08RRg022KJK+p17wOvkwE6jq8T7o8skXsxlb+ak+GghPJIeLjJg==', 1, '0001-01-01 00:00:00.000000', '2025-03-18 15:07:15.045388'),
(602, 1, 'OSln74h/XRB6+YsMJtOiA+g/q1A1Xy69FxraXze6JmpvCxjDHeX9suYBN9w4FV0dpa8N/pCr/fOEDgZau1DUeQ==', 1, '0001-01-01 00:00:00.000000', '2025-03-18 15:08:56.567826'),
(603, 1, 'WnaerBe0sw0ZcnOCbkbNrzw98GY0bFGfT4LdIuWlpPfIvwPsnPiPd0+wTkyJ5Um8kDL5QDrum2kjBWj8bqGwag==', 1, '0001-01-01 00:00:00.000000', '2025-03-18 15:09:19.172731'),
(604, 1, '06cI19byDxq2D0YMEAM7SWMyMMUs98x+c9udwT8tvo8bo7uZxlJiO8F/B/+317p0cIWhj28AXh2D9IwdmokOwQ==', 1, '0001-01-01 00:00:00.000000', '2025-03-18 15:09:36.137417'),
(605, 1, 'MHJ13mtGTHPOil+YsCvaMEn7fJ16BCtXga9uRTiAO5vaihHsECl3oayHd/A94npzrJlzkzrQQVM0jw3Nqnp4Og==', 1, '0001-01-01 00:00:00.000000', '2025-03-18 15:12:43.220264'),
(606, 1, 'C0c/iQWGcZ7WiOPufcXf86gH5ksOJCLXp+8kxrNHCfk2LSLhoI4adHl5+5BaT8abA45O8fjmZktkAu4v2kHhgw==', 1, '0001-01-01 00:00:00.000000', '2025-03-18 15:12:54.210167'),
(607, 1, 'cJfmgcsVADIkMhxBLoTyjssjXoDtl11YfURq8u4cyRAcM5UDqdN/M78JsjR+OWPct7l0bz25wegLrg60ENtZow==', 1, '0001-01-01 00:00:00.000000', '2025-03-18 15:12:59.642340'),
(608, 1, 'nSjn0NJIwOeHue23xNhnslVmMRdpgX+gcEzJSTGp/GNMGY5UaiohN3L8odcd9WDcDZMbbQo4dO+tQIRpDwgdbw==', 1, '0001-01-01 00:00:00.000000', '2025-03-18 15:13:40.032972'),
(609, 1, 'EA/FFt3NGhftzHIR+med1+8LJV78x3wdybZu4m1JINACYjov9lu9CFREuP8MZa2D474IHCeCuTrtSX/ePHT7dA==', 1, '0001-01-01 00:00:00.000000', '2025-03-18 15:13:49.128809'),
(610, 1, 'F9MxvqFnt2m9bfDMJeknNDhPsIMd1ASzQ8JkI3bwhANEgP3H1ymqBoCl/nshXRjlBRFXTHygUkkW4I8dL4ZvAQ==', 1, '0001-01-01 00:00:00.000000', '2025-03-18 15:14:42.839946'),
(611, 1, 'j7QQCoe/l1vcJV/27cZCbte/Ys7s80z5l9fVJl1w+lkH1S2AhpKewIQb7u5b0xj1t8s6PNtMlKgoV+vYy20wfQ==', 1, '0001-01-01 00:00:00.000000', '2025-03-18 15:14:57.624946'),
(612, 1, 'Dhd+xYEZ85DqgyCZgDpapT4xgNtsq68QKC8ofRtpvHvniL0Qm/eNiXz3UeI8OBKdI1/AMtNLsu8wqLm6G89z7A==', 1, '0001-01-01 00:00:00.000000', '2025-03-18 15:20:30.699764'),
(613, 1, 'Yupn1ZF2sCXm+tDyhQqtH0fv74Wk9sDoOe/kMpLhXd5iGHWaB1U/dtd58yW2wizvJLbDIQASX/q40XZeTf2kKw==', 1, '0001-01-01 00:00:00.000000', '2025-03-18 15:23:29.339330'),
(614, 1, '10bnEUwz3+HYOMnXbouuVFRkYZ1TPfGLOaeg1GM7q5OXDEQXBVdUe3+L76bG+ObjaU2kLaw68sgf4ahs0qF16g==', 1, '0001-01-01 00:00:00.000000', '2025-03-18 15:24:23.927020'),
(615, 1, 'rshBxfqApBTbUzPBVxSVez5dkh2AVlfGF0L8MVLhoYXcbDLqP6GKeAeGJXYbPmdlpgQ2p4FbP80WAdHIaPj/sA==', 1, '0001-01-01 00:00:00.000000', '2025-03-18 15:32:43.042399'),
(616, 1, 'IzcwVSRHHQW6pR8Z16qoSG3VcJJlI1L7W2+LAfV4EZJRl8mqK1jV5yiF1ejHf7UJXZJfizreDMaY+fZ/+tpr0A==', 1, '0001-01-01 00:00:00.000000', '2025-03-18 15:35:40.302576'),
(617, 1, 'nyMp/sUyOTT6nAPbzzqHFYyzRrQqfMrPGOFNY0Mnf5G++MU1dgNO/nQixQzY5df2vw2lNUmefDmCeic9P1D/cg==', 1, '0001-01-01 00:00:00.000000', '2025-03-18 15:35:51.908748'),
(618, 1, 'W5Lu0KexfKwYi+Ah4v0wG5nJioRDQsrS0riT1Oya242pWUdg4ajNkoCOyxHfElvIfp/XyGUcjr3CR4JWxWqdbw==', 1, '0001-01-01 00:00:00.000000', '2025-03-18 15:35:57.836341'),
(619, 1, 'RvuSVBNBr0FAfTh0+0NUxd3KNG5J1kiOf/XDpmzlm09KzvyV83rIvO3Ie61keleS9S5uTy3zuYlsy9ya8eIuUg==', 1, '0001-01-01 00:00:00.000000', '2025-03-18 15:53:45.130178'),
(620, 1, 'SndcfPpFxH+oMuWqQuQlsVX8+lQf+57ngg5mcTOLyz9NTC0F3bet+vIjA2nK31jgAfnRprQYZOvS/+S6cO4NSw==', 1, '0001-01-01 00:00:00.000000', '2025-03-18 16:02:07.695534'),
(621, 1, '3ebh3rH5lsxTocgBjeSxDgNh7GVklPa3mlx9MtttHzNszyrrhoKjwe6RBPEt7z9TvO4/WGjgwquXjphAsTuG1A==', 1, '0001-01-01 00:00:00.000000', '2025-03-18 16:02:52.384608'),
(622, 1, 'xtXwJSqLsvy9L/vO55p444B//WuE7owNhGgwZ4cQouF7UeAFJ8/TWq+JxEeD+/muX1KD9/Ja4jt2KZYB6u8FGg==', 1, '0001-01-01 00:00:00.000000', '2025-03-18 16:04:45.992741'),
(623, 1, '72bqwm3sIe8fYyZTV92Sk5HXZi4gBTw1q+9HHqGcFQ53aOD62cG67xK9OHZGLNqFLbWIxkILCB6HzPHLL6vcqA==', 1, '0001-01-01 00:00:00.000000', '2025-03-18 16:05:01.864745'),
(624, 1, 'XF2nGhNhDS+oZwshQQPjoNWCSFGuXV+ZFuISR6l2voR5ikU/95r8UJ7DUwMz28IdqOg3CYejwHsER/it8Pp96Q==', 1, '0001-01-01 00:00:00.000000', '2025-03-18 16:05:19.991040'),
(625, 1, '5l59/mSqLiInWmfBMkVoOtJ6glhxXFJ1dDw4/HI6Gy4odGAWVCmSPqe7BNFlCzr6eB4T7ZAWYcpC2zDbyx3wgg==', 1, '0001-01-01 00:00:00.000000', '2025-03-18 16:06:40.112069'),
(626, 1, 'IL7hJU4bEMtd0ul6xVOt/zKRXTmurtY/unhtUutr8S9XeJHfl51Igzzaeg8g1Vwj+AvxVr4sN54AUb+ET4Vnhg==', 1, '0001-01-01 00:00:00.000000', '2025-03-18 16:07:00.064394'),
(627, 1, 'RBkmMYcpN7j/p+8mocSYigOoXvdnfznrjnGlP6atR6HdT7hiEqNH2SFScY7vQLvogH431wLlFC03kFGkHn822w==', 1, '0001-01-01 00:00:00.000000', '2025-03-18 16:07:05.429658'),
(628, 1, '/M6d7BoFTFPxTH4VGfqyW5IK+SS5izcRyYZa6IHpUEtk1H0kdb1zZ4AqLAMwWSJNKitLXFZ/kkJMDlYVmI2KlA==', 1, '0001-01-01 00:00:00.000000', '2025-03-18 16:07:09.102745'),
(629, 1, 'bQ+ho1FU39Q4z6HCwpJs5Jayh566LAfYa0to1yvjiVM4s5URjxbFX4qWeZBVECQOXp2Qu2aO/i6enRDF4AYL6w==', 1, '0001-01-01 00:00:00.000000', '2025-03-18 16:07:13.390494'),
(630, 1, 'uvV7IXblf5eSiATI70QjgKfRneokchOnBj5PT89ZpjOIty6Dj6Av5WjoGYSCBcjqbN0d88ss0rLJ1nJnskVy1A==', 1, '0001-01-01 00:00:00.000000', '2025-03-18 16:07:17.091769'),
(631, 1, '1shmorAUJCP6IhEl0bJiDb1nS7JWObyn91Shwg3QbvpUjoPbL5LVSWySz56/9jWXTM3lNLStqQw42ucB1p0lsQ==', 1, '0001-01-01 00:00:00.000000', '2025-03-18 16:07:19.948681'),
(632, 1, 'LH+0uAYlSMJAq0e3D+Zb22OFixEU+TBBMxrix3y3BufylJvTQ/hiBHi7RV1tucTmWI8U5lEM+sAl4odKfdRCFg==', 1, '0001-01-01 00:00:00.000000', '2025-03-18 16:07:23.154675'),
(633, 1, 'FAQIOKFoX8tEPLuhPkVq+4B9S906fjlW9WKgmDUbt9q+0Ayu4Zs7GdgV03d+oyE19zimWqxAmKuPji51shlNbw==', 1, '0001-01-01 00:00:00.000000', '2025-03-18 16:07:47.816172'),
(634, 1, '5mi4ijnWRMVL8At1ofNN638+WD/puY+PzV/qruZ/zXzk3qqz4eacUvDdB1ZX7lRBbmKcU1ioU2oWZmfhxKGcbw==', 1, '0001-01-01 00:00:00.000000', '2025-03-18 16:07:52.840287'),
(635, 1, 'HBMvkcfnG1OsrA5o1F5BAZ1B+2m+1Q7824WxKcvrPt2GaDQ0DgVa8GYZfNv6fJfMURA9rxHGdI0nwoGL4kP8SA==', 1, '0001-01-01 00:00:00.000000', '2025-03-18 16:08:01.006820'),
(636, 1, 'yKRKVytJUBb6ZcK/PicYthhaMWHDGO6sCZfwhg++OfJsTOONbfvy50nszkRNOB9jZsuUZVMEUr3MXYAvtJJ5Ew==', 1, '0001-01-01 00:00:00.000000', '2025-03-18 16:08:04.750057'),
(637, 1, 'E8rmVSFFHd6ayuZYj1PhcYAWw60rkcAIOinp+uz/PIpPigiAKRHdL0qtBpDXZBOZrROL8VY5op4uiVzuOLPnmg==', 1, '0001-01-01 00:00:00.000000', '2025-03-18 16:08:15.405984'),
(638, 1, 'vzmUEsu1zep3B4v50sIGNvunHVNCdZbvSmR4a7Pd1AAeT634UmJw40umB7mt/fvZxIscrv5X8UzWJSGfoEtKiQ==', 1, '0001-01-01 00:00:00.000000', '2025-03-18 16:08:18.847427'),
(639, 1, 'SCjqKGGwdsR2UZyJcyaKNxypC15pcebiQmp4BDQY31VOcEzZEGNqodQzfatBmv9VAOH8iS+KY4HLA3ROmCX6pQ==', 1, '0001-01-01 00:00:00.000000', '2025-03-18 16:08:21.636448'),
(640, 1, 'T83LIz+RewSkEmCkY5dsYRzlWlgv41fBDylbNpZ/4MPDZVJZ/FI2PkOSZkIS92EhVz4JCXCBPc9A9JNI4SOhCQ==', 1, '0001-01-01 00:00:00.000000', '2025-03-18 16:08:24.379391'),
(641, 1, 'nxH9WcgJSPUqhCmsoWA8qmnRzJ8o7hYlaV3KFKEIG8S7mlrSvZN8miphXaCLYRP7sRC6eTGC8/9a2xLfcgs6ow==', 1, '0001-01-01 00:00:00.000000', '2025-03-18 16:08:26.845287'),
(642, 1, '81uNPrUXtW24VlP78yf91vmasLHCxwMz7ReoMOn3JoZBoTKJ0F1PTtNyL9zavl470N7Wb5V8E/TvswWFLJTmdA==', 1, '0001-01-01 00:00:00.000000', '2025-03-18 16:08:28.940602'),
(643, 1, 'Izx2sqpZ26IF3Fi99+iYzCapbsvCvTygZWTJXypOZmmc7g1kEcKgeQ8a453tnM1+cBhGOhrDWa7uPOOxjZft2g==', 1, '0001-01-01 00:00:00.000000', '2025-03-18 16:08:38.292324'),
(644, 1, '31ksvY3Va9H08aB6QURwEgymmG85WaOeNzmgbPQXqvS+s2nL34ROVbjwEcVFlDOmv8Is6wstgCZce8ZCxmQjXw==', 1, '0001-01-01 00:00:00.000000', '2025-03-18 16:09:50.790590'),
(645, 1, 'VMXDL5pGZ9VJcTAFNIzjevufiB1+H2iTCR/fhgso1FUmC8dsdBtAvLKa+lHf+karqW741jmkuEovHBTenXg5lg==', 1, '0001-01-01 00:00:00.000000', '2025-03-18 16:11:27.958967'),
(646, 1, '3Z/GLgWy8IM8KkZUQjn1ch0q6w1EHz6Jcb6EbkqIGlOdt6zb0O9oUm4aLdNOjBhzJ7IeYtcmmXvqv39vil2A7g==', 1, '0001-01-01 00:00:00.000000', '2025-03-18 16:13:23.760702'),
(647, 1, 'L6bEoqb8Uw4n92l2yfIPh9yEWY9M7E8zIjQHjepWaQ0+94k+SrtJC+1tx69E55zmagqgR8BthWI1YvTMY5aMzA==', 1, '0001-01-01 00:00:00.000000', '2025-03-18 16:13:41.282678'),
(648, 1, 'abVuk8aQkOzHqC9FixpTF7ZCMl7xBHVjuUyVyX9bS6H7tnpKATj9ZdDkUOZEgWgUWeKBr10AX24O1zNJnaFClg==', 1, '0001-01-01 00:00:00.000000', '2025-03-18 16:14:18.390714'),
(649, 1, 'CHfsWrQXMdvt4z3qNeKlwQpRWphY89AYW42uOcRZI+F9HGggxCWBhPhiGry5GkFcTyHe83fIQVkLL0s+9q7zeA==', 1, '0001-01-01 00:00:00.000000', '2025-03-18 16:16:36.615808'),
(650, 1, 'cTQzcflsCXPKcioykj1fHJaW1jEFJd30eiU6xWgHnThxHzLHS5W/VeDZJ8vc+mIpdIQvmDPoXdIVevP3wcI+lg==', 1, '0001-01-01 00:00:00.000000', '2025-03-18 16:18:39.058510'),
(651, 1, '/cYtgybdrk36XrtkFh4K2ZlLJc8TiazfVvoNom/8d8qWeMOgNegO1pVvwtFK6IniBqC0s7Fu0E19BKSOMS4MkA==', 1, '0001-01-01 00:00:00.000000', '2025-03-18 16:21:01.473471'),
(652, 1, '/GNcsRp+LLoQR3RTmGinqdtGSZB5EZQz+GPjdRKbKZLlKf7D4qdIex+EmvarkEzhwVa7E/zzCa3jM8GKgBWcYQ==', 1, '0001-01-01 00:00:00.000000', '2025-03-18 18:31:58.816069'),
(653, 1, 'AWG7YDwRziEGBR7jGf2Ik6qXNE2YEQGz3jNMzPgIPA+oCroizCzcsexwLBQEH3MDPDAg0DHM7QYiNhpFhKqOrw==', 1, '0001-01-01 00:00:00.000000', '2025-03-18 18:33:05.362419'),
(654, 1, 'NIY5QAjGDHco2kCBndrB5o4qdalD/SLPbu4SMLokAMh2mNf63nR4Z3vlLjhyKiqN+JfHFVxIsWq0jCCC0y79Mw==', 1, '0001-01-01 00:00:00.000000', '2025-03-18 18:37:50.035522'),
(655, 1, 'pJhxoFUC6AOjs0gkmIBj+m5sVawe9ph9c0716T25UKUZHKMwnyJNNrPlFI6H+z7RJ6oPAlSfDHmXa7HOiL1BjQ==', 1, '0001-01-01 00:00:00.000000', '2025-03-18 18:38:47.279000'),
(656, 1, 'k1p4YSDis6T9uWm7NKXXm5n+ie5ZYOcE4Fq7ZkU+v9jwbQFCqsAjp9ZC1/eDYuFMsIOhkEzH78zlmZoJz1JkKQ==', 1, '0001-01-01 00:00:00.000000', '2025-03-18 18:39:23.313554'),
(657, 1, 'eKOu0zPybclsuZw6LAL4Wes3NqbNzwjKuEGucWGobJqf7cpFH58Ix8AM32njL8pRa/Vb9avsKStLt8cn2vVHyQ==', 1, '0001-01-01 00:00:00.000000', '2025-03-18 18:39:37.780595'),
(658, 1, 'nY+UTPbPTPEKBpUF0572ckVEl4rD6z6kdcJOjxFmy3NavKqpAxSvSpjzr6wGE3mn04JJzZOUGtuTtQojc6sd1A==', 1, '0001-01-01 00:00:00.000000', '2025-03-18 18:39:53.411666'),
(659, 1, 'BPWFSJOHO3CNVS82hrgN72GOhLQE3Ea2bWH8YdeXU6XdeDfhyway4UJe9mTbqLnPqubcjxVAbe+RssDD0goc1A==', 1, '0001-01-01 00:00:00.000000', '2025-03-18 18:40:44.961306'),
(660, 1, 'fXfvn/IQ4sd9/XTrnTt6wIGxkTAp3s+ChwsILZU7mKAvfNwM/lvdIBi1dBuM6kvniCIo/oasbnAht/kwAhhnNg==', 1, '0001-01-01 00:00:00.000000', '2025-03-18 18:41:22.145697'),
(661, 1, 'KYabwDx0SMhicu95v//lLU/eN3QvQ91CDo28OjkKbWgAxxj5HRwEzRku/B2xbzPUCkFqvYt57URq6s95G4PFDw==', 1, '0001-01-01 00:00:00.000000', '2025-03-18 18:41:36.081991'),
(662, 1, 'EtisMa7Mx0y/ozJH4zmjeHSZ0D9sP6eSiV8EX2vmpMsZ5khRw6HoL/c6rCK2uO0WYpzA0OGb7T8nFc4UFg+jaA==', 1, '0001-01-01 00:00:00.000000', '2025-03-18 18:41:41.001862'),
(663, 1, 'VQM7z4x6HffedgujD8emkz5mT3zB2LPX1F0H+y5v/0xKtWsxqaH22WlAaPkMKG8LNTvYMsjQppwmHX1ozB4ShA==', 1, '0001-01-01 00:00:00.000000', '2025-03-18 19:20:05.359460'),
(664, 1, 'MslEIHXUGsDd2AWI8Afvxr0Am7FR9k4WjixFaWqo17hQjy4n/QkN9VwmXqZdkvWUl9oaqAzTh/PobABgkvG3aQ==', 1, '0001-01-01 00:00:00.000000', '2025-03-18 19:31:06.518847'),
(665, 1, 'fOdlYGQXC6m5g3HVFTHN5H1ceDD8yVkQmS3Rq4y7L8FB4uQleNrPjHbSFqp3rjr1LFE8I5IxK1xIFMjuF9yyJg==', 1, '0001-01-01 00:00:00.000000', '2025-03-18 19:31:13.732915'),
(666, 1, 'HXJvrbDwBkh5RrE6gR9zsIflSTXkmIevt24Txxl4pNnITa+IV1F5glRCdTbcDDvJbcvgF0P80tIFi9flof7H9g==', 1, '0001-01-01 00:00:00.000000', '2025-03-18 19:32:18.966927'),
(667, 1, 'DBQb3BhuN/Z+/3OoQe8K58e+UOPfSvFTFshu9TseG1KeantTho6CoVyxwRpQTvwCXlR2foojN78ENhqitXoUfw==', 1, '0001-01-01 00:00:00.000000', '2025-03-18 19:32:37.157251'),
(668, 1, 'wzDJ6Z8jbaCCo7uU2Du6/m0gS0QVJpe8Vy/n4NZEzb+nlFGd67wQa4IcrzRx3lKGQuDnQ/88GMgBh++LkBhqiQ==', 1, '0001-01-01 00:00:00.000000', '2025-03-18 19:32:43.927981'),
(669, 1, 'sWa1CSIVF+Vu0W2BosTBDjhIWXZ/dpFjM8KwbdlzQtukyjx5AHsl+wwkWM8NJjoX/1147G627Efidc1MqfP9Bw==', 1, '0001-01-01 00:00:00.000000', '2025-03-18 19:33:01.482565'),
(670, 1, 'pwt7mtniJWVPUloVdyYKwC2K110zPGKrKWp6azAcTDWyfT58cieYD40LucbKCfMW/JXmUeSxju7PotAfR+lSFA==', 1, '0001-01-01 00:00:00.000000', '2025-03-18 19:36:03.881631'),
(671, 1, 'TScnKcjjuVnpo4mzficqwAfF2F84fBgo+KjBtugMX7pMNFc7e9lGsMZnLbyBR1dwE53Eb/IuD03ZffYuMqRZMw==', 1, '0001-01-01 00:00:00.000000', '2025-03-18 19:36:21.100745'),
(672, 1, '9h3JZLCTwUWfFfljA/kkcR1/3kVoeod+v2c7XQtTUTSmDK+cJUXAeqVWfPBhL82poeVs1EYmaptO18ptrzjk3A==', 1, '0001-01-01 00:00:00.000000', '2025-03-18 19:37:12.056745'),
(673, 1, 'AFV1MWKb8X6MgWODo8VxVVHljkjES+HDYgrsIVyZwhxypb3L3NsWHgxM9bdmK7pWn512pPYoGIiN6/bCBumpKg==', 1, '0001-01-01 00:00:00.000000', '2025-03-18 19:38:08.986160'),
(674, 1, '5/NOhJJa2/FI4fpJarMxsvUFFbNRSP3QBxciRBMXs4O6MCntGYBPrW8QW44kYMcAytE0DpY1carx6LsIAaE6QA==', 1, '0001-01-01 00:00:00.000000', '2025-03-18 19:38:36.233330'),
(675, 1, 'GqsU3cv1evDOaYt4XwNrTiKM68Kkq7Fju6+VeP8Xvxrwgt0yd/giCdT+nMwLFnXGaabIbxolZn5+zUQpe0CEkQ==', 1, '0001-01-01 00:00:00.000000', '2025-03-18 19:45:37.433050'),
(676, 1, 'y/hMZyS2IMREljHIWNlkp9saSJjKhh6TJM+pu9+7x5YCFehpY2Rf/Awg0f0qL47sQTqAD55fn9uwK8Za8YyUgQ==', 1, '0001-01-01 00:00:00.000000', '2025-03-18 19:48:42.855698'),
(677, 1, 'F+LOe+oNkirIoJMxRH6oDWQd8Iz5r6HcY3CKU5F2bvn4gVga51brrq0NhFI4OPXG7oKOIhZrM+px8u1O49yHEg==', 1, '0001-01-01 00:00:00.000000', '2025-03-18 19:48:47.721544'),
(678, 1, '6H04Sd4b9BSH5x4lksFYtZMkVTl32DuNRfDpDXgqZvsTwo6xi0ZooZF+g7xwh7dQTDTJL+EHrRGMWx3+TPZriw==', 1, '0001-01-01 00:00:00.000000', '2025-03-18 19:49:36.197412'),
(679, 1, 'rz7ov6kE7YO03opsjI9l+lR5jc4k4L6sYEsolJn9zRH5/2Q+hL9hGfhA6j9Q5XnQycoGJP7iIQr1zxbNLsFtOg==', 1, '0001-01-01 00:00:00.000000', '2025-03-18 19:49:41.181969'),
(680, 1, 'xhgaRPAHOQ/yQGE9bdzA6VPrdiP3H8/3cmDvtX9EEexbtKR+RenWgJUJi9leSRZpXrbEr/oRUOZMEgoFySwUxA==', 1, '0001-01-01 00:00:00.000000', '2025-03-18 19:50:00.559253'),
(681, 1, 'QSXhK8HqoBMmlCkdWQDWVaFVyxby+bRlpqKVLFcUvEjY+OpNKZE9lv5rh7uwB2yALFO/DWls6+4MGaOAhkx5mA==', 1, '0001-01-01 00:00:00.000000', '2025-03-18 19:50:06.850714'),
(682, 1, 'taV6zhwTD7iwsItYUmNvmZ6MnpqmPJFci6oVuuqu18tx8/FMJstxarPxhT36UQnbrBB9yv1+/u19I35JBt52kQ==', 1, '0001-01-01 00:00:00.000000', '2025-03-18 19:54:25.245045'),
(683, 1, '7VFHjC8dtWwVcvzMLfKTt+gBjwvEx29ZNc35xSn2UGuCGrzO14e4MWDYWABu+PokVksRMTtE18T8iw+R9sgeNw==', 1, '0001-01-01 00:00:00.000000', '2025-03-18 19:55:21.344781'),
(684, 1, '8HKX0o7oocYn2Oet8vb1c13/uyp49gg/qNKTJZWyC3sciBc58kzFFjEF879brXL/zJr/5qFd3EYsaeJPMr9Lww==', 1, '0001-01-01 00:00:00.000000', '2025-03-18 19:57:15.035144'),
(685, 1, 'ec94jgm4oAtYSEtubxazq1Bq6GoYkQKdAYRlIh9cBD3KXK8NgA071Rqb38Tr67DncbmWNvFsp9vi8lYqW7xs3A==', 1, '0001-01-01 00:00:00.000000', '2025-03-18 20:13:06.860628'),
(686, 1, '79JUxhjxbTKy2yt6ahTEDzeJybdyT5LdX462s9bybn06Kzntm88xxMkeLRYhpKTxjrPPPvhkFoplTxZDruuWmA==', 1, '0001-01-01 00:00:00.000000', '2025-03-18 20:13:10.712760'),
(687, 1, 'aphHwrFLtbe85lblJ5WXIsmgHhDEmXKiC94XGCk/igchSqOyrMvptaN4LUXsru6vHeteClJReYbFKJPiRmE9hA==', 1, '0001-01-01 00:00:00.000000', '2025-03-18 20:13:26.776765'),
(688, 1, '9tr+I+4VOGiApQiK2airR+xpu1XBZ8y8fATSaiplUFvwk4YMhbQumEmtzJMnMzt1UWOcymYbV/k3NKb8FZO6OQ==', 1, '0001-01-01 00:00:00.000000', '2025-03-18 20:14:14.148747'),
(689, 1, '85gMyLBfFF3N/HTY+wA4gc5pLRrAPCiFF7vRAEMpM9rwiwPm57kJmizhfeg+6DdfmCNGEzzmuIiUX25yyAm8Aw==', 1, '0001-01-01 00:00:00.000000', '2025-03-18 20:15:42.872942'),
(690, 1, 'rnCvBlVIMgqVBaDOYChZXhl4L0bJRjQ5X+fLkBFaa+xcwIiPdSMz0KKOxx1RMgYtCJZ1F//d6Xjz0DOD8s71Yg==', 1, '0001-01-01 00:00:00.000000', '2025-03-18 20:17:26.875962'),
(691, 1, 'ExKchT+eUFZB72HlNQZUJC47+RaXOFQhSTVJ16Ubvlqcw5fvJI6st4t5zHDo/fY6OpgSELwg9TrJW5VXiPsohQ==', 1, '0001-01-01 00:00:00.000000', '2025-03-18 20:21:09.387914'),
(692, 1, 'kmDCxdj6eP/YDDBEAGHVzh9RDUHp26ThBn2oAnSb3RO2Ze9x8PcmvnPGxYIaGl7I2CyMafKQQz7VSV8ncme7sg==', 1, '0001-01-01 00:00:00.000000', '2025-03-18 20:21:22.300013'),
(693, 1, '3UNqzypwDIUxIax6CrgIv9BBz19KEelKNY6fGiBITz9YA8uix1ZeIfGthfKh04iEIDmgCdUnjyZ57O4G0jfo8w==', 1, '0001-01-01 00:00:00.000000', '2025-03-18 20:31:46.921485'),
(694, 1, 'V2UUMaXe8gH20Vs2MCsJjRJbOvKBrHVxFeeTkGAYyBCwb8BLN3eLkZs+1VIisvaaGe5Lyt9NoDTd6rWe3mV0zA==', 1, '0001-01-01 00:00:00.000000', '2025-03-18 20:35:34.867654'),
(695, 1, 'ztoknWFRNhpX7nTqB2E0mfmKfY6KZ14au2kwjxZ+Ll99IMojx05T0Iqo8Bvi4mCYEoXlgZhVQCbDS70uVKCnHA==', 1, '0001-01-01 00:00:00.000000', '2025-03-18 20:45:34.461674'),
(696, 1, 'LP3+UVRpZR1abZdSqq+cud7lNMqvGSiLlBqJVAu2IJzm3bTeNq6J81BTSKlcIuC4xiPr+aq588IHQGfl8ZNUCg==', 1, '0001-01-01 00:00:00.000000', '2025-03-18 21:02:33.839337'),
(697, 1, 'a6/Mmck3h08FHaN/Sbai6oWNhFm7qTMUJZioQXjsSmEXohRThnGCgt4MaZhPYWmR1DfEAc7dnlvDXnxQHmPjDg==', 1, '0001-01-01 00:00:00.000000', '2025-03-18 21:02:46.977755'),
(698, 1, '8yQs5jO7QFUr+9KhbNTkfduGjddVrRM7gFaMhi1QEtMgsyFQP88Hc7grFuy4IQ/z6J3Hy1fkFZeWsBimUPwgFw==', 1, '0001-01-01 00:00:00.000000', '2025-03-18 21:04:05.262927'),
(699, 1, 'okE9s4EUcJjo0z1gPdnfMvjV7PprEfCkuTcUIDvQV/Dfy4ZgEU3LW72+01qRwXwuI51fegjT38weqFH1TnDFig==', 1, '0001-01-01 00:00:00.000000', '2025-03-18 21:04:15.652446'),
(700, 1, 'tkeGbqicxqjq+Kn6z2vfptzzFbxRRAsPyTPynMnqKTdLWjIfazbcQECeNgAeIxj/7UTxu3IJWUFqrvcPA6VAVg==', 1, '0001-01-01 00:00:00.000000', '2025-03-18 21:04:19.214800'),
(701, 1, 'JH/rxyAGFFiuVDzxzQvmjGV/sdmST49C1l31nS4h0clG5Ectt+QpkBXI9ve4AWauUJT0ss24ajXxHV5YKt/2wg==', 1, '0001-01-01 00:00:00.000000', '2025-03-18 21:04:30.385240'),
(702, 1, 'dkU+qfwr+FzyLPvh+0O0fF7GorndvkAKfxAZv7oeJwZ5OBZn6bHZ2KiYK40p0JoCAaVtP7hxlOMBXKmINoLE2A==', 1, '0001-01-01 00:00:00.000000', '2025-03-18 21:07:31.081727'),
(703, 1, 'F0ddXjYnj472DrPPVjg/xjawuSdVwy79l9OyHUOHJgdVG3qXCFBOInGsaYELOYQUl3HfrIheUqBshAhLhKrETw==', 1, '0001-01-01 00:00:00.000000', '2025-03-18 21:07:45.000133'),
(704, 1, 'ze4O2ziAC5Zb0OguqJ/+5+rQEVvQK60ai+qVQdBrAIcx7BQn3M7o1N9BJOKZTYBVT55Uo1cAHek2SkdA2A4gbg==', 1, '0001-01-01 00:00:00.000000', '2025-03-18 21:09:21.858395'),
(705, 1, 'GuvUny/TNm0TXfdA+8jkkq/W4igOXdYbWfPy1/yeg5MIGi3LTj+RQNNbqF2FMk00V+tGProRFvRsa2eY/hkg0g==', 1, '0001-01-01 00:00:00.000000', '2025-03-18 21:24:14.932397'),
(706, 1, 'GGFIifzazbbYaX329gTLlSyBTqeswnSC/+0byxUbTiqW33XNNBIfrUHyZLO3NoB6frH4ND3mGb7ctG99xo/Y9g==', 1, '0001-01-01 00:00:00.000000', '2025-03-18 21:46:27.917819'),
(707, 1, 'ydPMwV5KmY4J6RrH7+WXQNvlK8+dtzm66XoOTDS5uSMnNfhxlmdRve4wZLTMeCljVlNsIc5PKC0rAJjdlWTgJw==', 1, '0001-01-01 00:00:00.000000', '2025-03-18 21:46:37.341224'),
(708, 1, 'SpEY38fFXqrHDfPfqD0W9OG7Av5isj/VXLTre0jzk7N9vRhD1Vj2WmTbdNHlUUtQ+kI65epIckVi7HlqhCO9RA==', 1, '0001-01-01 00:00:00.000000', '2025-03-18 21:58:59.770110'),
(709, 1, 'IY7ZXPvdNzpN0xKOqhh/CFyNb2kiSp7//QR2A9nlB7lXeRtOkQ6vr8C5lhhN/sl8GV5EdqPMdR0wyEx9xvGS+A==', 1, '0001-01-01 00:00:00.000000', '2025-03-18 22:02:22.648311'),
(710, 1, 'mFeSIsiOnYvNLTlUDtI/A//EuHvrG+wfGdhCwWSs8fXLMKoyeyRZ/8Gt04ymUsgWXcYFn5doY4EnI1UdFE3BbA==', 1, '0001-01-01 00:00:00.000000', '2025-03-18 22:04:00.550019'),
(711, 1, 'Q3lerVIE5kvODG2J/pzbhgFJS5aCv0wgVJQ8/Jc+wwxCTjeX0iosKa+xqKCbBlgS7gYaiKt4oZUAj/JbzaBOgQ==', 1, '0001-01-01 00:00:00.000000', '2025-03-18 22:06:37.251375'),
(712, 1, 'ax55goZTdjxl0EeMWEMxw18kQWOlSojvZSHC+L/huRUMKJ8Ly5V5OdHmgnBzRPdrW99x2PRUYNDV2p8mXUhzuA==', 1, '0001-01-01 00:00:00.000000', '2025-03-18 22:13:10.018257'),
(713, 1, 'nmIYmO/y4/oreCbG31ECQsBg4b9eWJLZJCI/lQLHg6iwlc/r6KjJx8OsLnmfv26nReVyJP4S12HWlL7FVrbpDw==', 1, '0001-01-01 00:00:00.000000', '2025-03-18 22:13:46.806976'),
(714, 1, 'shOKyv4EJckjt14KV3m1Kg3UQoXdegvTKYnAtO2pLtVP91/AE5dpig5G/EkI1Nml3GoHzpFk85PKqK6nBwgKRQ==', 1, '0001-01-01 00:00:00.000000', '2025-03-18 22:14:16.848152'),
(715, 1, 'UzIQ34d8GFwFZKfMidCZHlrCje/mmeR+PdmrM/vfV2UJsDUY1AmvIxvzgvVqSkmUG2tS4A3na3ZAunV/+kbLhg==', 1, '0001-01-01 00:00:00.000000', '2025-03-18 22:25:04.679845'),
(716, 1, '0G183KLnle8UC1w6/cP3l33vf2iossNb2rRgOx/3iJ3WrYU7ieRwfUI0s358AzqgMw89knn/o4bF8un5vv86ng==', 1, '0001-01-01 00:00:00.000000', '2025-03-18 22:25:37.464713'),
(717, 1, 'OLJv8AQIZ9ymLcSEDzenHUdiV3n7SQ+mIVo8CbGWxUWVRhBpcy6CXvgsTndBMlqLGLmBlyD1b+/s37nc8LwxPw==', 1, '0001-01-01 00:00:00.000000', '2025-03-18 22:26:42.688421'),
(718, 1, 'DbWjhrRYXfSgpCSC/5WXxxxj51jqxULycNYhkIxDbuFWvukPiH/6vab+eHQgEZ9Y1t2KKVPeGDXrKM2JmEN4wA==', 1, '0001-01-01 00:00:00.000000', '2025-03-18 22:26:48.217092'),
(719, 1, 'bJhkGjz1S60BhtKsww1oeU5LbsZUy5Eiwj61infINIFs5FAA6XHTUpqHU49j1lkF7m1YLxR9Y1wiXmHHCprIkQ==', 1, '0001-01-01 00:00:00.000000', '2025-03-18 22:27:16.287042'),
(720, 1, '1c1V5fPBf9MmbxGjzia/qunqM55hguM6IEON7VItV0kqTgW6lCx2FKeWhdOQN8LQpfMkWJ1P1dxuR0jNwDxpAg==', 1, '0001-01-01 00:00:00.000000', '2025-03-18 22:28:24.542768'),
(721, 1, 'aaSIVOURRt4Mjo9R+Hft3qieXIBCeJZgTlMFqAbWUrCYSoyH8H2r3cqVHBiLksYA2b8cKI0O+p0XD694S+HMPA==', 1, '0001-01-01 00:00:00.000000', '2025-03-18 22:29:01.613622'),
(722, 1, 'fv/WU05ivlHNtaHrRrLzd5+zgqaAh05FX8du2VYarb9TJrltBBS3CyuXNjOxbTer3fZQXXnSa5m0FqxxGvh0dA==', 1, '0001-01-01 00:00:00.000000', '2025-03-18 22:32:01.865981'),
(723, 1, 'l2NuK1ODeVDQ9/Gz0gAYLEHwScpNe67qVZNB+Qib/jFpk+4YVOIgSbEKgNpGl7cBWDV9RlaRHM0ed8n87dB2Bg==', 1, '0001-01-01 00:00:00.000000', '2025-03-18 22:32:19.795782'),
(724, 1, '+o1lc92wdRwNADDXsOjRUDxo8Ex3yEXL0H/oVttfJan7vpiwgCdkvPnc61XiH1+ueayEhPIp+WPpzOAUG0v+iw==', 1, '0001-01-01 00:00:00.000000', '2025-03-18 22:35:35.559429'),
(725, 1, 'n+TDD5WZchyKJxg0TqMNvHVOntbOwafS57x8aUiSpezyLmJq6Q/zmgM9cUAHdP90tq6lK3dG6/mMfbbFgTYROw==', 1, '0001-01-01 00:00:00.000000', '2025-03-18 22:36:09.121553'),
(726, 1, 'ZlGvxH79sUOmDG3Eh3o/OP7MQsyeuSy/2cS0gVD8GwyH+NfITatVvn79tdZEvTf3Qr9QKZqcQTypdhcr0SulsA==', 1, '0001-01-01 00:00:00.000000', '2025-03-18 22:37:06.748539'),
(727, 1, 'dH2Psttu2T5YMaP6PawEp0vUDFsd0ChlIvOdkbLQtB9KaRtEE4UFJmYQcJWn3pYb2u4aBzOMIYMh8FMcKYCv9A==', 1, '0001-01-01 00:00:00.000000', '2025-03-18 22:37:29.102114'),
(728, 1, 'osLFI3ek9s15XBF9gp+q1vTl5JHNBMV2hoTPTbEgqT4AJ9/ujJqyOU3+DfK1li7Nf2le7S+/w6bn334uuPcXVQ==', 1, '0001-01-01 00:00:00.000000', '2025-03-18 22:37:42.598726'),
(729, 1, 'pxOdeNA6kBZ5178UcFal/RU3Ai0CygbxcQyq/nK/SgsEVhHbTlAKIklSwDxxSeq6GoOVlQdx90dr2uI9wQ9sNQ==', 1, '0001-01-01 00:00:00.000000', '2025-03-18 22:37:46.913285'),
(730, 1, 'pORtquWtGvy4sFxMZKwHxDcV2OLtN9mrxSCtj1+3DKg9IdhjwFuvhkIxpE4Kj1xdnHQNlAqSJlxd/44IYSIknQ==', 1, '0001-01-01 00:00:00.000000', '2025-03-18 22:38:16.986728'),
(731, 1, 'vFkXrHpZJosxc0S3kzbTjS8Uivka4I6/2IkeL6wz6plP9aqn9RHbTav/EkWkLGKviJhFuMKrbCPf8c/Gp6Vl1Q==', 1, '0001-01-01 00:00:00.000000', '2025-03-18 22:40:16.547380'),
(732, 1, 'eEyuaaxM6G5VQLa53Wdi155L3m+JyD6LIZxzSVf5HDvrskXXUZiEnlTWqgRcfxyULI5/p05f4wFXga0ZMe/27w==', 1, '0001-01-01 00:00:00.000000', '2025-03-18 22:40:42.553418'),
(733, 1, 'Z6WWiHBCxeb40kW2jMEm9leet6jWjzx1OEeUwzdizwScwcUlF+4sicTsTSLjlSN7LYO6tkdWcJBmagCqEc5aJg==', 1, '0001-01-01 00:00:00.000000', '2025-03-18 22:41:47.338135'),
(734, 1, 'DLXHCsofnAXZeW+Bz4oU+4Ud4OJmJRwHuEwTxPtekzT26ZpQH35GRHySvQZLAzjQmW19kcRLYz2CxQwn28cCcA==', 1, '0001-01-01 00:00:00.000000', '2025-03-18 22:42:13.569552'),
(735, 1, '9cn+6yHUlJkRgCqXODvwOglIVczPP9yH7AcRdx/EODP6/nCgHuEUlLs+J6NidLlcSRZQdJ5QcMIynMpxIV/MJA==', 1, '0001-01-01 00:00:00.000000', '2025-03-18 22:42:22.187905'),
(736, 1, 'jPpkRgZz+yDKbsmxRLuCE3k+F5WNHhfhEHGBzP/Xdus8xZ55En/6guDgDgjjwtTCHX5KkqxJqF1Vm+/6V67hDQ==', 1, '0001-01-01 00:00:00.000000', '2025-03-18 22:45:49.842676'),
(737, 1, '9hIiLCZr7D8Tbq8JxZo+cNv4ucmsVIJB5FTvKQGFzSdhfaIAI0p44a7048EIYepc1HnIIIyuaTKuXOgJoD+jtA==', 1, '0001-01-01 00:00:00.000000', '2025-04-01 14:31:20.587566'),
(738, 1, 'nIEtXhbUq36XdndSXrieI2p6mW6F/kSEeVu1oRWC3YKvWg/Z7BmwDtr6+OupUP/A7uSPB7mZgZJBvexQdZw5eA==', 1, '0001-01-01 00:00:00.000000', '2025-04-01 14:33:15.959550'),
(739, 1, 'uthK9Ao7VOWR/D6b+M4SiSonrL5MlLrSSxzV9r15W8HiTWvlRvluvyozzD40LJ1jbA6spzD8pSUrI90EkOE9HA==', 1, '0001-01-01 00:00:00.000000', '2025-04-01 14:37:26.997762'),
(740, 1, 'YJrVF57kB1YOqT2xu0Ieyvcg8uovPN3cdfLA+e5TvEMxoFAairUqGkJOvDWJAIeRSMJQt5emhDdNZPiQYvvKjg==', 1, '0001-01-01 00:00:00.000000', '2025-04-01 14:37:59.517421'),
(741, 1, 'LpOkfn8bZWP38n4KRSNYLnADglOzPANvTQK7qOJ2VYcWt7HZDFo1VqN6xz3IMuLFhe8XTMPz0XZShn5nVsHmgQ==', 1, '0001-01-01 00:00:00.000000', '2025-04-04 00:55:28.461260'),
(742, 1, '8ctQ9iSUFmGprGJ04g8bhpDv6dXcr0M6L9rB0d70/ntfBHxS5J8Buxvz7DN59sPD6LDuWhgI3yI3QLcTo/zdag==', 1, '0001-01-01 00:00:00.000000', '2025-04-04 00:58:27.484319'),
(743, 1, 'iZVU+qqM+yZYt15Jz8xOJxjL7Z9Ybd2fY97AJ2jlpm1077JVY+a3saYRPxUZBkS+33qWI4aHVKBzalZ85TSZjg==', 1, '0001-01-01 00:00:00.000000', '2025-04-04 00:58:30.334439'),
(744, 1, '1IFibxqvE4/WEcnWgVd6eBhqBfQZnbmpFltc3Ov4PM/YlD3ovQdnRWttC3gE30BpNB4tCimykfFX12jLj7IRTw==', 1, '0001-01-01 00:00:00.000000', '2025-04-04 00:58:47.337120'),
(745, 1, 'pooKy6PWM+jyiMQ4VGN36VmcE+DE+7Flg7nVd/rTCUqy6WE49qS5Bh5ZWUFADQJcZv+EDAU9tlfvJhHUYxDQKQ==', 1, '0001-01-01 00:00:00.000000', '2025-04-04 00:58:52.092971'),
(746, 1, 'ZnISAqDTwWtmn2OZ6HkocJFzqDk1EFwLWkplGEv8GSyt16nzwhM/eEGWKFRkdsey6pmN9+iP+MCXyXaz3LYQ3A==', 1, '0001-01-01 00:00:00.000000', '2025-04-04 00:58:54.808198'),
(747, 1, 'XDo4DLgbrWe2gEC19UNUmaRKH/bSYPUQD0E5srzl2Eif5fE/Zl44/qXRplofWCkzeIJeGDSKzE3JT0qfnnX2sQ==', 1, '0001-01-01 00:00:00.000000', '2025-04-04 00:58:58.336557'),
(748, 1, 'UvFAmrlmp4fH8bqagHIa998dmzZI0Wp27OzFK1catna6owSIRy8PPHG9ZjZk5nO2SPjyxmlpK9+OooizKtXqYw==', 1, '0001-01-01 00:00:00.000000', '2025-04-04 00:59:10.899963'),
(749, 1, '1BMtF5ajQas66xgPxBMlhJbxWVDb+bf4sMj1OJq89dA35tJMKJqsfKYmKvXRRAkP23z9kv17Eqh7sDDMkfwXow==', 1, '0001-01-01 00:00:00.000000', '2025-04-04 00:59:41.075837'),
(750, 1, '1qsFzF0T2FRZEkxwn5QBpvC6No//50PAdOFNzzYOLbbVH/3J0nhxlyg7Ri3VOS9lRKtwRYqHBqwPGWMHp5lKXQ==', 1, '0001-01-01 00:00:00.000000', '2025-04-04 01:00:42.856981'),
(751, 1, 'P6MPIECgceEm510Vz/SoiHkQ7XizzroYV66TQqHVfej8Op2maDlt0/8BK4l/+LjMF8wso2TzGLLzKsDyXwSczQ==', 1, '0001-01-01 00:00:00.000000', '2025-04-04 01:00:49.328533'),
(752, 1, 'jJu+QUttJ8UyM2CkftAADK4pdcAmllAda8RLwsi629T2ezQLWjH6wp0JzNhR1RqECqFEAkbcgArTT0C1VA/r9g==', 1, '0001-01-01 00:00:00.000000', '2025-04-04 01:00:54.245652'),
(753, 1, 'o7gVQW1alMlyqmyaWrEZCsIesVqFCuMD8DUmg7DB6FkWVZfWoB00xR7jeazMDCqi5kiQxmcUoodG2/ipXmkUXA==', 1, '0001-01-01 00:00:00.000000', '2025-04-04 01:01:00.472048'),
(754, 1, '/z7tIAageaQe2LVThtbxPUnqTG6Vx9T+q6b0yNl02A3dv+/Ia6kAURSwm7zRLOCFemexv4Ec5xKaPbIz7UP5XQ==', 1, '0001-01-01 00:00:00.000000', '2025-04-04 01:01:02.952816'),
(755, 1, 'x0J0y6lhygBPscusMCN4JEHSWAOdjd5uTyET+RlBMdHM/nrGDK1z9lmOa1yyvp96s39m5ANVQf61VB7Z93GuuA==', 1, '0001-01-01 00:00:00.000000', '2025-04-04 01:01:53.965326'),
(756, 1, 'w1kRkhKFhvLogKljshriOsuIjJK1D+MyVYzp8hSdaBOOiHjqB6nqR6LEfH7fqOvRjmtvexSW6bVlhRX/TXA0Lg==', 1, '0001-01-01 00:00:00.000000', '2025-04-04 01:02:00.315550'),
(757, 1, 'AYq9br0kNNzez0BqXr2mHN/d6XCNw88xzq93/XlEPJ+d7hiEKCPbk6fpJ7oeavqwB40uplwdbA1sHvmgeWjJBQ==', 1, '0001-01-01 00:00:00.000000', '2025-04-04 01:02:21.318144'),
(758, 1, 'EpoRttRn9PS5YBYggUXUT5KSflIdZ70hxfP6TnsyzjqZTaoPgxDc4OHNvEXTjSs6B2M0jOVofXAzSR8hm9BpXg==', 1, '0001-01-01 00:00:00.000000', '2025-04-04 01:02:35.321093'),
(759, 1, 'sNfKOPMrS/ZxB7J0x/azTeDSlH1mgW4RtRRIXjrymX8FgqKdj+vrF77NBSPe6CiISmfTESSdG8GYRNtjNEUwOw==', 1, '0001-01-01 00:00:00.000000', '2025-04-04 01:02:44.318571'),
(760, 1, 'XnOG4cRrw+Z/G8eOSPyWfOJ+yKLFGAxcQ/BG9v03lDJ8f4ePO1ekQWP/3QhFHI2QKwCTgcyjv1T3iQmjcKlNYw==', 1, '0001-01-01 00:00:00.000000', '2025-04-04 01:02:55.321171'),
(761, 1, 'Laq3NsG0By2QQvluwyaD2iC6QhFLhhj5lMgTwugxVDw/aSIuQLnGJAcdvlTtAATaKYmdj3wbkhyEVRCaZpOa6g==', 1, '0001-01-01 00:00:00.000000', '2025-04-04 01:03:36.463522'),
(762, 1, 'luhnwRd7U5e1zzNcpqzqLDVmWur69tkCkp8x/5HBOGKCWDMR67V6OHYeAuMq6L2sa3eaMVgdP4EFCDmvWogI2g==', 1, '0001-01-01 00:00:00.000000', '2025-04-04 01:03:45.069522'),
(763, 1, 'Gas8M54xLU2dfrWFh89xmupSyVVcapYlTX06lm4eBs5NIVKs9yx5rOQMI3sZus27XcDK7dM1RNoDfE6Bu8rpYA==', 1, '0001-01-01 00:00:00.000000', '2025-04-04 01:12:10.309350'),
(764, 1, 'G592XOmritSkDtS0yDya/hiViAGLLRnHfMwFg8ZMkEyy0TFrCc+jRANFEdeRkHFsxmzoCv7ZKxfSsbRI4kUBjg==', 1, '0001-01-01 00:00:00.000000', '2025-04-04 03:09:06.944191'),
(765, 1, 'GNR99+t1TVTsrLo9gfI3frzjO3VqbrGyQEP8DEUoqwwUHgx217ub7sjcIc1xw2MBQFsni9XLZo7CAXwr9gV5pQ==', 1, '0001-01-01 00:00:00.000000', '2025-04-04 03:09:27.886510'),
(766, 1, '0OzPRWDZfrgtrcJycNNdo9laYjXfV8ZlZIzFy2JW7LpIJ/eT3xY88ageny4RPmo/k2B3i/5nRJJrfreFbuqdMg==', 1, '0001-01-01 00:00:00.000000', '2025-04-04 03:09:41.378231'),
(767, 1, 'YVfp+73V2RM5bQi9j88xbY/ZDxlEufvZ69Wl+s1RAnnjIOL2oI6L8Hpip5SsvhClRZ10O/VlpbgjWgNCSrvEJw==', 1, '0001-01-01 00:00:00.000000', '2025-04-04 03:12:36.360127'),
(768, 1, 'DkaE9Vd4tK/8mWjHUyS6GwdkqGMB9/lutvoQ9qQSqxg4uAUyyJ11WfpiciJuRDj9r7hzuS0RQaAcP+L4h9gLXg==', 1, '0001-01-01 00:00:00.000000', '2025-04-04 03:13:30.044661'),
(769, 1, 'IMePq6HnXljupu/2Dxig04OwygCNfV7cdN3nFVBDwn+T/XvUXikXsVg9qx1KI49yBPLA4sK7/jQmaZAOoY41Tw==', 1, '0001-01-01 00:00:00.000000', '2025-04-04 03:14:12.341818'),
(770, 1, '4EcBmQioW8CisDVzQcXw3GfJ2L7g4eQU8esP4oXBCYlEwlfXt2T+kmX58umklA10uaPGmt8OwTbEVbFnSHOjHQ==', 1, '0001-01-01 00:00:00.000000', '2025-04-04 03:16:05.419450'),
(771, 1, 'CNyr/VyuK7IbLrPZr1X5F6SVnU4kEweP1CcadrX4VhWi28kH3pTO9fb9tlsehKFrYyAFGbj96gUZCanBiK5raw==', 1, '0001-01-01 00:00:00.000000', '2025-04-04 03:16:38.286874'),
(772, 1, 'NviE1yocBmUVGIS29Ke+q0VvQe3PcS0923UPf6FhoPF2rJ9awjBkMX+17dEXaHEInbRg4ARF816g5/LRR1Ambw==', 1, '0001-01-01 00:00:00.000000', '2025-04-04 03:18:29.834970'),
(773, 1, 'AAFt5rONaZcC4Ntq4Dn/g+QLgEDKD+guxhuVcifjwhvqX+Kez+/Lp70hlBoSXZv165zu+fabCt181FIofkT8eg==', 1, '0001-01-01 00:00:00.000000', '2025-04-04 03:19:35.169585'),
(774, 1, 'gX5nRTE6jFnMdQBZg6u3AV1QWrGtjXNDGFrGYrDAATEAtHnLP0iJi5Blq5MVqsqcfB9c9br0phk/m0+HsyGGFA==', 1, '0001-01-01 00:00:00.000000', '2025-04-04 03:19:46.972540'),
(775, 1, 'aCnoImWkrATUWQ82nYbpqpLMuxkFF5JoEMXC6vmXXal0ACenq36kt4tHc0qnTus4K7nlMgx3iuGDJAmGt9Ddvw==', 1, '0001-01-01 00:00:00.000000', '2025-04-04 03:20:51.837834'),
(776, 1, '8jd29ETi7d6fC491Du2Qkfqq4fYnzkZlVMvDhQQA3nE25q6ChPRtF1XyJU3Mrph6BzfHjaYdACLUtNv0t2Go1Q==', 0, '0001-01-01 00:00:00.000000', '2025-04-04 03:26:29.209657');

INSERT INTO `RolePermissions` (`Id`, `RoleId`, `PermissionId`) VALUES
(5, 1, 1);
INSERT INTO `RolePermissions` (`Id`, `RoleId`, `PermissionId`) VALUES
(6, 1, 2);
INSERT INTO `RolePermissions` (`Id`, `RoleId`, `PermissionId`) VALUES
(7, 1, 3);
INSERT INTO `RolePermissions` (`Id`, `RoleId`, `PermissionId`) VALUES
(8, 1, 4),
(9, 1, 5),
(10, 1, 6),
(11, 1, 7),
(12, 1, 8),
(13, 1, 9);

INSERT INTO `Roles` (`Id`, `Key`, `FriendlyName`, `CreatedAt`, `CanBeEdited`, `OrderLevel`, `CanBeDeleted`) VALUES
(1, 'SUPER_ADMIN', 'Super Admin', '2025-01-18 22:58:44.962021', 0, 9999, 0);
INSERT INTO `Roles` (`Id`, `Key`, `FriendlyName`, `CreatedAt`, `CanBeEdited`, `OrderLevel`, `CanBeDeleted`) VALUES
(2, 'USER', 'User', '2025-01-18 22:58:44.962148', 1, 1, 0);


INSERT INTO `UITableColumns` (`Id`, `TableKey`, `FriendlyName`, `ValuePath`) VALUES
(1, 'PLAYERS', 'Citizen ID', 'citizenId');
INSERT INTO `UITableColumns` (`Id`, `TableKey`, `FriendlyName`, `ValuePath`) VALUES
(2, 'PLAYERS', 'First Name', 'charInfo.firstname');
INSERT INTO `UITableColumns` (`Id`, `TableKey`, `FriendlyName`, `ValuePath`) VALUES
(3, 'PLAYERS', 'Last Name', 'charInfo.lastname');
INSERT INTO `UITableColumns` (`Id`, `TableKey`, `FriendlyName`, `ValuePath`) VALUES
(4, 'PLAYERS', 'Played By', 'name'),
(5, 'PLAYERS', 'License', 'license');

INSERT INTO `Users` (`Id`, `Username`, `Password`, `Email`, `CreatedAt`, `LastUpdatedAt`, `RoleId`, `IsDisabled`) VALUES
(1, 'ben', 'CCSLVPFYi4Fz5uZzVRdpT82lez6VIuaGlOGufK3ZafY=;hYb1H8OAKjrulMrv6RM2aw==;350000;SHA256', NULL, '2025-01-18 22:59:09.342749', '2025-01-18 22:59:09.342749', 1, 0);



/*!40101 SET SQL_MODE=@OLD_SQL_MODE */;
/*!40014 SET FOREIGN_KEY_CHECKS=@OLD_FOREIGN_KEY_CHECKS */;
/*!40014 SET UNIQUE_CHECKS=@OLD_UNIQUE_CHECKS */;
/*!40101 SET CHARACTER_SET_CLIENT=@OLD_CHARACTER_SET_CLIENT */;
/*!40101 SET CHARACTER_SET_RESULTS=@OLD_CHARACTER_SET_RESULTS */;
/*!40101 SET COLLATION_CONNECTION=@OLD_COLLATION_CONNECTION */;
/*!40111 SET SQL_NOTES=@OLD_SQL_NOTES */;